AF3,F7,F3,FC5,T7,P7,O1,O2,P8,T8,FC6,F4,F8,AF4,CQ_AF3,CQ_F7,CQ_F3,CQ_FC5,CQ_T7,CQ_P7,CQ_O1,CQ_O2,CQ_P8,CQ_T8,CQ_FC6,CQ_F4,CQ_F8,CQ_AF4,Marker,MarkerH
4092.307617,4063.5896,4103.589844,4004.102539,4051.281982,3997.94873,3976.410156,3907.179443,3881.025635,4045.640869,3876.410156,3995.384521,3701.53833,3947.179443,4,4,4,4,4,4,4,4,4,4,4,4,4,4,20,2
4120.512695,4106.153809,4127.179199,4044.615234,4086.666504,4036.410156,4012.820313,3944.102539,3924.102539,4075.384521,3926.153809,4039.487061,3796.410156,3997.94873,4,4,4,4,4,4,4,4,4,4,4,4,4,4,0,0
4060,4063.076904,4082.563965,3968.717773,4020.512695,3981.025635,3947.692139,3873.845947,3847.179443,4025.128174,3844.615234,3969.230713,3616.410156,3920,4,4,4,4,4,4,4,4,4,4,4,4,4,4,0,0
4096.410156,4087.179443,4105.12793,4011.794678,4050.769043,4002.563965,3975.384521,3897.94873,3873.333252,4049.743408,3867.179443,3997.94873,3577.435791,3948.717773,4,4,4,4,4,4,4,4,4,4,4,4,4,4,0,0
4062.05127,4062.05127,4084.102539,3989.743408,4043.5896,3981.53833,3943.5896,3874.358887,3860,4026.666504,3853.845947,3982.05127,3575.897461,3928.205078,4,4,4,4,4,4,4,4,4,4,4,4,4,4,0,0
4032.820313,4037.435791,4070.256348,3938.461426,4015.897217,3958.974365,3914.871582,3836.410156,3817.94873,4005.640869,3806.666504,3943.076904,3595.897461,3880,4,4,4,4,4,4,4,4,4,4,4,4,4,4,0,0
4081.025635,4075.897217,4104.615234,3995.384521,4039.487061,3997.435791,3963.5896,3889.230713,3872.820313,4050.256348,3870.769043,3995.897217,3724.615234,3930.769043,4,4,4,4,4,4,4,4,4,4,4,4,4,4,0,0
4027.179443,4031.794678,4060,3962.05127,4003.076904,3957.94873,3914.358887,3832.820313,3815.384521,4005.128174,3811.794678,3940,3554.871826,3856.410156,4,4,4,4,4,4,4,4,4,4,4,4,4,4,0,0
4062.05127,4078.974365,4091.281982,4009.743408,4053.333252,4003.5896,3962.05127,3875.384521,3855.897461,4038.974365,3858.974365,3980.512695,3521.025635,3895.897461,4,4,4,4,4,4,4,4,4,4,4,4,4,4,0,0
4062.05127,4057.94873,4094.358887,3982.563965,4032.307617,3993.845947,3955.897461,3881.53833,3866.666504,4036.410156,3868.717773,3989.743408,3582.563965,3908.717773,4,4,4,4,4,4,4,4,4,4,4,4,4,4,0,0
4044.102539,4035.897217,4080.512695,3958.974365,4017.435791,3975.384521,3940,3857.94873,3846.153809,4023.5896,3832.820313,3964.102539,3637.94873,3880,4,4,4,4,4,4,4,4,4,4,4,4,4,4,0,0
4074.358887,4100.512695,4103.07666,4029.743408,4071.281982,4020,3981.025635,3908.717773,3909.230713,4067.179443,3902.563965,4011.794678,3765.640869,3936.923096,4,4,4,4,4,4,4,4,4,4,4,4,4,4,0,0
4030.769043,4056.923096,4068.205078,3964.102539,4026.666504,3978.461426,3929.230713,3850.769043,3846.153809,4019.487061,3841.025635,3961.025635,3606.666504,3879.487061,4,4,4,4,4,4,4,4,4,4,4,4,4,4,0,0
4093.845947,4097.436035,4121.025391,4029.743408,4079.487061,4030.769043,3994.358887,3899.487061,3893.845947,4058.974365,3901.53833,4022.563965,3609.230713,3945.128174,4,4,4,4,4,4,4,4,4,4,4,4,4,4,0,0
4071.281982,4084.102539,4110.769043,4039.487061,4091.281982,4021.53833,3977.94873,3893.333252,3901.53833,4052.307617,3914.871582,4014.358887,3673.333252,3942.05127,4,4,4,4,4,4,4,4,4,4,4,4,4,4,0,0
4006.666504,4047.179443,4061.53833,3967.692139,4074.358887,3980.512695,3922.05127,3835.384521,3835.897461,4014.358887,3837.435791,3944.615234,3637.435791,3852.307617,4,4,4,4,4,4,4,4,4,4,4,4,4,4,0,0
4058.974365,4113.846191,4101.538574,4030.769043,4128.205078,4041.025635,3989.743408,3913.845947,3904.102539,4070.256348,3916.410156,4018.974365,3762.563965,3914.871582,4,4,4,4,4,4,4,4,4,4,4,4,4,4,0,0
4040.512695,4082.563965,4092.307617,4007.692139,4084.615234,4020.512695,3977.435791,3901.025635,3884.615234,4048.717773,3896.410156,3999.487061,3687.692139,3888.205078,4,4,4,4,4,4,4,4,4,4,4,4,4,4,0,0
4090.769043,4133.333008,4133.846191,4067.179443,4123.07666,4068.717773,4037.94873,3956.923096,3944.615234,4090.769043,3958.461426,4047.692139,3715.384521,3944.102539,4,4,4,4,4,4,4,4,4,4,4,4,4,4,0,0
4098.461426,4148.717773,4136.410156,4096.922852,4140,4086.153809,4037.94873,3975.897217,3976.923096,4097.436035,4000.512695,4069.230713,3814.871582,3970.256348,4,4,4,4,4,4,4,4,4,4,4,4,4,4,0,0
4073.845947,4117.94873,4114.871582,4064.615234,4111.281738,4066.153809,4008.205078,3936.923096,3931.794678,4067.692139,3961.53833,4037.94873,3801.53833,3929.743408,4,4,4,4,4,4,4,4,4,4,4,4,4,4,0,0
4132.307617,4189.743652,4164.102539,4134.871582,4153.333008,4133.333008,4090.769043,4023.5896,4015.897217,4131.794922,4056.923096,4117.94873,3920,4024.615234,4,4,4,4,4,4,4,4,4,4,4,4,4,4,0,0
4054.871582,4096.410156,4102.05127,4039.487061,4071.281982,4063.5896,4005.128174,3944.102539,3937.94873,4064.102539,3959.487061,4027.692139,3795.384521,3930.769043,4,4,4,4,4,4,4,4,4,4,4,4,4,4,0,0
3976.923096,3977.94873,4037.94873,3917.94873,3992.820313,3972.307617,3904.615234,3828.205078,3814.358887,3982.563965,3815.384521,3922.05127,3613.333252,3793.845947,4,4,4,4,4,4,4,4,4,4,4,4,4,4,0,0
3901.53833,3893.333252,3984.102539,3803.5896,3914.871582,3888.717773,3815.384521,3735.384521,3713.333252,3923.076904,3707.179443,3844.615234,3445.640869,3693.845947,4,4,4,4,4,4,4,4,4,4,4,4,4,4,0,0
3879.487061,3870.769043,3970.769043,3757.94873,3891.281982,3856.410156,3774.358887,3684.102539,3649.743408,3902.05127,3629.743408,3802.563965,3300.512695,3641.53833,4,4,4,4,4,4,4,4,4,4,4,4,4,4,0,0
3988.205078,3986.153809,4053.333252,3897.435791,4010.769043,3958.974365,3892.820313,3812.307617,3784.615234,3998.974365,3767.692139,3927.179443,3489.743408,3777.94873,4,4,4,4,4,4,4,4,4,4,4,4,4,4,0,0
3985.128174,3985.128174,4049.743408,3907.692139,4014.871582,3965.640869,3895.897461,3824.102539,3807.692139,3993.845947,3800,3933.333252,3538.974365,3792.307617,4,4,4,4,4,4,4,4,4,4,4,4,4,4,0,0
4045.640869,4045.128174,4092.820313,3980.512695,4057.435791,4024.615234,3951.794678,3871.281982,3851.794678,4032.307617,3863.5896,3983.5896,3632.307617,3860,4,4,4,4,4,4,4,4,4,4,4,4,4,4,0,0
4114.358887,4123.07666,4141.025391,4084.102539,4123.589844,4101.025391,4039.487061,3973.845947,3954.871582,4098.974121,3978.974365,4075.897217,3838.974365,3969.743408,4,4,4,4,4,4,4,4,4,4,4,4,4,4,0,0
4089.230713,4092.307617,4123.589844,4064.615234,4121.025391,4093.845947,4045.640869,3989.230713,3970.256348,4093.333252,3984.102539,4067.692139,3838.461426,3958.461426,4,4,4,4,4,4,4,4,4,4,4,4,4,4,0,0
4141.025391,4147.692383,4166.666504,4125.12793,4173.846191,4148.205078,4107.179199,4065.640869,4050.256348,4145.12793,4078.461426,4138.461426,3946.153809,4044.102539,4,4,4,4,4,4,4,4,4,4,4,4,4,4,0,0
4112.307617,4141.538574,4143.589844,4104.615234,4126.666504,4112.820313,4063.076904,4027.692139,4014.871582,4116.410156,4049.743408,4108.717773,3951.281982,4016.410156,4,4,4,4,4,4,4,4,4,4,4,4,4,4,0,0
4095.897217,4135.384277,4128.205078,4092.307617,4123.589844,4101.538574,4048.717773,4010.769043,4002.563965,4109.743652,4021.025635,4089.743408,3932.820313,3989.743408,4,4,4,4,4,4,4,4,4,4,4,4,4,4,0,0
4115.384277,4115.384277,4138.974121,4090.769043,4165.12793,4129.743652,4058.461426,4037.435791,4040,4123.589844,4054.358887,4112.307617,3985.640869,4022.563965,4,4,4,4,4,4,4,4,4,4,4,4,4,4,0,0
4090.256348,4062.05127,4117.436035,4041.025635,4115.897461,4097.436035,4017.435791,3982.563965,3972.820313,4080.512695,3995.897217,4065.640869,3897.435791,3975.384521,4,4,4,4,4,4,4,4,4,4,4,4,4,4,0,0
4117.94873,4139.487305,4144.615234,4120.512695,4125.641113,4122.563965,4068.717773,4026.153809,4006.666504,4118.461426,4042.05127,4111.281738,3935.384521,4027.692139,4,4,4,4,4,4,4,4,4,4,4,4,4,4,0,0
4061.53833,4103.07666,4103.589844,4066.666504,4096.922852,4074.358887,4014.871582,3988.717773,3969.230713,4085.128174,3990.256348,4058.974365,3876.410156,3978.974365,4,4,4,4,4,4,4,4,4,4,4,4,4,4,0,0
4050.256348,4050.256348,4089.743408,3998.461426,4102.05127,4063.076904,3987.692139,3961.025635,3935.897461,4065.128174,3943.5896,4025.640869,3848.717773,3937.435791,4,4,4,4,4,4,4,4,4,4,4,4,4,4,0,0
4102.563965,4087.179443,4128.205078,4068.205078,4141.025391,4112.307617,4038.974365,4011.281982,3991.281982,4105.12793,4020,4091.794678,3962.05127,4005.640869,4,4,4,4,4,4,4,4,4,4,4,4,4,4,0,0
4109.743652,4109.743652,4135.384277,4103.07666,4145.641113,4111.281738,4047.692139,4017.435791,3998.461426,4110.256348,4035.897217,4102.05127,3944.102539,4022.563965,4,4,4,4,4,4,4,4,4,4,4,4,4,4,0,0
4157.436035,4174.871582,4170.769043,4157.94873,4208.717773,4159.487305,4099.487305,4082.563965,4069.743408,4158.974121,4106.153809,4154.358887,4028.717773,4092.307617,4,4,4,4,4,4,4,4,4,4,4,4,4,4,0,0
4076.923096,4087.692139,4103.589844,4061.53833,4141.538574,4098.461426,4011.281982,4003.076904,3997.94873,4093.845947,4021.025635,4070.256348,3939.487061,4003.076904,4,4,4,4,4,4,4,4,4,4,4,4,4,4,0,0
4024.615234,4009.230713,4061.025635,3987.692139,4077.94873,4047.692139,3957.94873,3917.94873,3907.692139,4037.435791,3917.435791,3999.487061,3799.487061,3913.845947,4,4,4,4,4,4,4,4,4,4,4,4,4,4,0,0
4057.435791,4041.53833,4089.743408,4027.179443,4098.461426,4064.102539,3993.333252,3942.563965,3928.717773,4067.692139,3952.820313,4037.435791,3843.076904,3956.923096,4,4,4,4,4,4,4,4,4,4,4,4,4,4,0,0
3985.128174,3975.897217,4037.435791,3920.512695,4038.974365,3988.717773,3912.820313,3872.307617,3853.333252,4017.94873,3861.53833,3955.897461,3697.435791,3868.205078,4,4,4,4,4,4,4,4,4,4,4,4,4,4,0,0
3976.923096,3951.281982,4030.256348,3881.53833,4047.179443,3986.666504,3900,3869.743408,3852.820313,4008.205078,3831.794678,3940,3603.076904,3849.743408,4,4,4,4,4,4,4,4,4,4,4,4,4,4,0,0
3952.820313,3915.384521,4009.743408,3865.640869,4010.769043,3960.512695,3854.871582,3815.384521,3794.358887,3970.256348,3777.94873,3906.153809,3519.487061,3817.435791,4,4,4,4,4,4,4,4,4,4,4,4,4,4,0,0
3936.923096,3912.820313,4001.025635,3859.487061,3987.179443,3937.94873,3833.845947,3768.205078,3731.794678,3958.974365,3733.333252,3881.025635,3523.076904,3785.640869,4,4,4,4,4,4,4,4,4,4,4,4,4,4,0,0
3945.128174,3931.794678,4006.153809,3853.845947,4012.307617,3946.666504,3855.384521,3806.153809,3771.794678,3988.205078,3774.358887,3906.666504,3617.435791,3814.358887,4,4,4,4,4,4,4,4,4,4,4,4,4,4,0,0
3860,3807.692139,3934.871582,3709.743408,3906.153809,3841.53833,3742.563965,3698.461426,3665.128174,3898.974365,3640.512695,3792.820313,3353.333252,3692.820313,4,4,4,4,4,4,4,4,4,4,4,4,4,4,0,0
3894.358887,3824.615234,3962.563965,3737.435791,3912.820313,3855.897461,3760.512695,3695.384521,3661.025635,3912.820313,3633.845947,3807.692139,3270.256348,3705.640869,4,4,4,4,4,4,4,4,4,4,4,4,4,4,0,0
3948.205078,3914.358887,4008.717773,3837.94873,4008.205078,3929.230713,3833.333252,3771.794678,3750.769043,3975.897217,3736.923096,3885.128174,3448.205078,3794.358887,4,4,4,4,4,4,4,4,4,4,4,4,4,4,0,0
3957.94873,3942.05127,4015.384521,3884.102539,4051.794678,3954.358887,3858.461426,3809.230713,3789.743408,3993.333252,3775.384521,3905.128174,3524.102539,3823.076904,4,4,4,4,4,4,4,4,4,4,4,4,4,4,0,0
4042.05127,4009.743408,4075.897217,3972.307617,4092.820313,4023.5896,3953.333252,3920,3903.076904,4067.179443,3893.333252,4003.076904,3695.384521,3947.179443,4,4,4,4,4,4,4,4,4,4,4,4,4,4,0,0
4069.230713,4019.487061,4091.794678,3972.307617,4088.205078,4042.05127,3977.435791,3945.640869,3940,4084.102539,3934.358887,4029.230713,3789.743408,3994.358887,4,4,4,4,4,4,4,4,4,4,4,4,4,4,0,0
4061.53833,4029.230713,4085.128174,4000,4110.769043,4052.820313,3976.923096,3937.435791,3935.897461,4080,3943.076904,4029.743408,3799.487061,4000.512695,4,4,4,4,4,4,4,4,4,4,4,4,4,4,0,0
4001.53833,3985.640869,4043.5896,3969.743408,4064.102539,4009.230713,3920,3889.230713,3882.563965,4034.871582,3890.769043,3980.512695,3725.640869,3940,4,4,4,4,4,4,4,4,4,4,4,4,4,4,0,0
3958.461426,3946.666504,4013.333252,3890.256348,4014.358887,3966.153809,3871.281982,3835.384521,3815.897461,3994.358887,3809.743408,3922.563965,3632.820313,3864.102539,4,4,4,4,4,4,4,4,4,4,4,4,4,4,0,0
4029.230713,4024.102539,4066.666504,3969.230713,4086.666504,4039.487061,3954.358887,3921.53833,3904.615234,4066.666504,3907.692139,4003.5896,3752.820313,3962.05127,4,4,4,4,4,4,4,4,4,4,4,4,4,4,0,0
4005.640869,3981.025635,4044.615234,3948.205078,4051.281982,4023.5896,3924.102539,3898.461426,3886.666504,4045.640869,3896.410156,3975.384521,3735.897461,3946.666504,4,4,4,4,4,4,4,4,4,4,4,4,4,4,0,0
3933.333252,3894.871582,3986.153809,3843.5896,3977.94873,3948.205078,3824.102539,3783.5896,3764.102539,3962.05127,3768.205078,3881.53833,3616.410156,3830.769043,4,4,4,4,4,4,4,4,4,4,4,4,4,4,0,0
3901.53833,3866.666504,3967.179443,3797.435791,3955.897461,3913.333252,3783.076904,3737.435791,3710.769043,3934.358887,3704.102539,3846.666504,3542.05127,3778.974365,4,4,4,4,4,4,4,4,4,4,4,4,4,4,0,0
3896.923096,3844.102539,3970.256348,3772.307617,3940,3916.410156,3793.333252,3735.897461,3703.076904,3938.974365,3682.05127,3828.205078,3429.743408,3761.025635,4,4,4,4,4,4,4,4,4,4,4,4,4,4,0,0
3948.205078,3892.307617,4009.230713,3838.461426,3986.153809,3968.205078,3860.512695,3801.025635,3767.692139,3983.076904,3750.769043,3885.640869,3464.615234,3827.692139,4,4,4,4,4,4,4,4,4,4,4,4,4,4,0,0
3898.461426,3860,3969.743408,3811.794678,3952.307617,3911.281982,3802.05127,3757.94873,3719.487061,3936.410156,3700,3843.5896,3427.692139,3776.923096,4,4,4,4,4,4,4,4,4,4,4,4,4,4,0,0
3898.461426,3862.05127,3974.358887,3801.53833,3961.025635,3909.743408,3801.53833,3745.128174,3706.153809,3938.461426,3686.666504,3845.640869,3497.94873,3770.256348,4,4,4,4,4,4,4,4,4,4,4,4,4,4,0,0
3990.256348,3964.615234,4048.717773,3910.769043,4049.230713,4006.153809,3911.281982,3849.230713,3829.230713,4028.717773,3830.256348,3957.94873,3742.563965,3904.102539,4,4,4,4,4,4,4,4,4,4,4,4,4,4,0,0
3975.897217,3961.53833,4037.435791,3916.410156,4043.5896,3996.410156,3905.128174,3844.615234,3831.794678,4018.461426,3838.461426,3942.563965,3684.615234,3897.94873,4,4,4,4,4,4,4,4,4,4,4,4,4,4,0,0
3963.076904,3936.923096,4025.640869,3905.128174,4041.025635,3992.307617,3886.666504,3827.692139,3811.281982,4003.076904,3815.897461,3925.128174,3581.025635,3867.179443,4,4,4,4,4,4,4,4,4,4,4,4,4,4,0,0
3952.820313,3919.487061,4017.94873,3885.640869,4021.53833,3981.025635,3864.102539,3806.666504,3790.256348,3988.205078,3789.230713,3910.256348,3582.563965,3842.563965,4,4,4,4,4,4,4,4,4,4,4,4,4,4,0,0
3985.640869,3965.640869,4053.845947,3925.640869,4036.923096,3997.435791,3911.281982,3854.358887,3831.281982,4019.487061,3837.435791,3951.281982,3714.871582,3896.923096,4,4,4,4,4,4,4,4,4,4,4,4,4,4,0,0
4009.230713,3998.461426,4080.512695,3973.333252,4064.615234,4026.666504,3962.05127,3921.53833,3896.410156,4052.820313,3916.410156,4004.102539,3860,3965.128174,4,4,4,4,4,4,4,4,4,4,4,4,4,4,0,0
3946.153809,3930.769043,4027.179443,3903.076904,4027.692139,3984.615234,3901.025635,3857.94873,3834.358887,4002.563965,3838.461426,3935.384521,3716.410156,3884.615234,4,4,4,4,4,4,4,4,4,4,4,4,4,4,0,0
4013.845947,3996.410156,4073.333252,3972.307617,4077.94873,4034.871582,3957.435791,3913.333252,3892.820313,4050.769043,3903.5896,3998.461426,3736.410156,3958.461426,4,4,4,4,4,4,4,4,4,4,4,4,4,4,0,0
4049.230713,4033.333252,4104.615234,4020,4093.845947,4062.05127,3987.179443,3953.333252,3935.384521,4076.923096,3969.743408,4042.05127,3865.128174,4019.487061,4,4,4,4,4,4,4,4,4,4,4,4,4,4,0,0
4023.5896,4016.923096,4087.179443,4011.281982,4103.589844,4068.717773,3980,3937.435791,3921.53833,4069.743408,3955.384521,4025.128174,3921.53833,3990.256348,4,4,4,4,4,4,4,4,4,4,4,4,4,4,0,0
4060,4062.05127,4112.307617,4063.5896,4151.281738,4118.974121,4026.153809,3993.333252,3988.205078,4107.692383,4024.615234,4080.512695,4035.897217,4049.743408,4,4,4,4,4,4,4,4,4,4,4,4,4,4,0,0
4032.307617,4020.512695,4088.717773,4014.358887,4099.487305,4081.53833,3983.5896,3950.256348,3942.563965,4067.692139,3986.666504,4042.563965,3948.205078,4016.923096,4,4,4,4,4,4,4,4,4,4,4,4,4,4,0,0
4044.615234,4024.102539,4096.922852,4029.743408,4109.230469,4097.436035,4005.128174,3961.53833,3949.743408,4082.563965,3997.94873,4052.307617,3931.281982,4026.666504,4,4,4,4,4,4,4,4,4,4,4,4,4,4,0,0
4056.923096,4030.256348,4104.102539,4048.717773,4128.205078,4122.05127,4018.461426,3988.205078,3987.692139,4100.512695,4029.230713,4069.743408,4000.512695,4046.666504,4,4,4,4,4,4,4,4,4,4,4,4,4,4,0,0
4047.179443,4025.640869,4100.512695,4039.487061,4123.589844,4118.974121,4004.102539,3976.410156,3970.769043,4087.692139,4012.307617,4056.923096,3995.897217,4033.845947,4,4,4,4,4,4,4,4,4,4,4,4,4,4,0,0
4061.53833,4064.102539,4117.94873,4083.076904,4148.205078,4135.384277,4041.025635,4011.281982,3995.897217,4115.384277,4051.794678,4089.230713,4058.461426,4076.410156,4,4,4,4,4,4,4,4,4,4,4,4,4,4,0,0
4050.256348,4048.205078,4108.205078,4064.615234,4138.461426,4118.461426,4044.615234,4011.794678,3995.897217,4113.333008,4047.179443,4080,4051.281982,4066.153809,4,4,4,4,4,4,4,4,4,4,4,4,4,4,0,0
4105.641113,4102.05127,4149.230469,4122.05127,4210.256348,4179.487305,4110.769043,4088.717773,4079.487061,4158.461426,4126.666504,4147.179199,4154.358887,4137.436035,4,4,4,4,4,4,4,4,4,4,4,4,4,4,0,0
4087.179443,4096.410156,4136.922852,4120,4214.871582,4174.358887,4088.717773,4077.435791,4072.820313,4140,4122.563965,4134.871582,4168.717773,4129.743652,4,4,4,4,4,4,4,4,4,4,4,4,4,4,0,0
4075.897217,4085.128174,4126.666504,4105.12793,4193.333008,4155.897461,4072.307617,4041.025635,4030.769043,4120,4084.102539,4104.102539,4111.281738,4094.358887,4,4,4,4,4,4,4,4,4,4,4,4,4,4,0,0
4101.538574,4115.897461,4147.179199,4140.512695,4216.922852,4186.666504,4116.410156,4093.333252,4085.128174,4154.871582,4140,4147.179199,4183.07666,4140,4,4,4,4,4,4,4,4,4,4,4,4,4,4,0,0
4025.128174,4021.025635,4087.692139,4040.512695,4143.589844,4110.769043,4028.205078,4011.794678,4000,4082.563965,4041.025635,4063.076904,4046.153809,4046.666504,4,4,4,4,4,4,4,4,4,4,4,4,4,4,0,0
4015.384521,3986.153809,4076.410156,4006.666504,4114.358887,4075.384521,3987.692139,3961.53833,3946.666504,4051.794678,3989.743408,4030.256348,3954.871582,4006.666504,4,4,4,4,4,4,4,4,4,4,4,4,4,4,0,0
3897.94873,3867.692139,3992.820313,3857.435791,4004.615234,3960,3855.384521,3823.076904,3798.974365,3958.461426,3829.230713,3904.102539,3714.871582,3848.205078,4,4,4,4,4,4,4,4,4,4,4,4,4,4,0,0
3846.153809,3825.128174,3961.53833,3777.94873,3977.435791,3924.102539,3819.487061,3759.487061,3717.94873,3932.820313,3722.563965,3843.076904,3530.256348,3760,4,4,4,4,4,4,4,4,4,4,4,4,4,4,0,0
3970.769043,3963.076904,4054.871582,3935.384521,4106.666504,4048.205078,3964.615234,3917.435791,3886.153809,4051.281982,3898.461426,3989.230713,3765.640869,3932.307617,4,4,4,4,4,4,4,4,4,4,4,4,4,4,0,0
3949.743408,3926.666504,4031.281982,3916.410156,4075.384521,4018.461426,3928.717773,3895.897461,3869.230713,4019.487061,3881.53833,3957.94873,3752.307617,3907.179443,4,4,4,4,4,4,4,4,4,4,4,4,4,4,0,0
4005.640869,3983.5896,4077.435791,3993.845947,4122.563965,4078.461426,3995.384521,3949.743408,3919.487061,4067.179443,3948.205078,4018.461426,3847.179443,3979.487061,4,4,4,4,4,4,4,4,4,4,4,4,4,4,0,0
4027.692139,4034.358887,4098.974121,4040,4142.05127,4112.820313,4029.743408,3994.358887,3970.256348,4096.410156,4025.128174,4066.666504,3978.974365,4047.692139,4,4,4,4,4,4,4,4,4,4,4,4,4,4,0,0
3957.435791,3965.640869,4041.025635,3942.05127,4074.871582,4038.461426,3954.871582,3917.435791,3892.307617,4031.281982,3927.179443,3983.5896,3848.205078,3951.794678,4,4,4,4,4,4,4,4,4,4,4,4,4,4,0,0
3976.923096,3971.281982,4057.435791,3964.615234,4096.922852,4051.281982,3983.076904,3953.333252,3932.307617,4055.384521,3945.640869,4011.794678,3870.769043,3983.076904,4,4,4,4,4,4,4,4,4,4,4,4,4,4,0,0
3908.205078,3892.820313,4010.256348,3882.05127,4023.5896,3980,3902.05127,3875.897461,3846.153809,3993.845947,3855.384521,3937.94873,3734.871582,3902.563965,4,4,4,4,4,4,4,4,4,4,4,4,4,4,0,0
3873.333252,3861.53833,3981.53833,3826.666504,3990.256348,3938.974365,3852.820313,3804.102539,3765.128174,3957.435791,3780.512695,3883.5896,3603.5896,3831.281982,4,4,4,4,4,4,4,4,4,4,4,4,4,4,0,0
3860.512695,3845.128174,3959.487061,3804.102539,3979.487061,3922.563965,3826.666504,3776.410156,3741.53833,3948.717773,3759.487061,3868.205078,3572.307617,3812.820313,4,4,4,4,4,4,4,4,4,4,4,4,4,4,0,0
3770.256348,3734.358887,3873.333252,3674.871826,3888.205078,3827.179443,3719.487061,3669.230713,3623.5896,3868.717773,3617.94873,3755.897461,3365.128174,3685.128174,4,4,4,4,4,4,4,4,4,4,4,4,4,4,0,0
3732.820313,3686.153809,3832.820313,3610.256348,3856.923096,3784.102539,3674.871826,3611.794678,3556.410156,3835.897461,3537.94873,3705.128174,3204.102539,3614.871826,4,4,4,4,4,4,4,4,4,4,4,4,4,4,0,0
3725.640869,3673.333252,3822.563965,3595.897461,3858.974365,3777.435791,3667.179443,3586.153809,3538.461426,3831.794678,3513.333252,3695.384521,3148.717773,3599.487061,4,4,4,4,4,4,4,4,4,4,4,4,4,4,0,0
3775.897461,3729.230713,3857.94873,3661.53833,3913.333252,3831.794678,3733.333252,3657.94873,3614.358887,3885.128174,3584.102539,3757.435791,3307.179443,3681.025635,4,4,4,4,4,4,4,4,4,4,4,4,4,4,0,0
3783.076904,3746.153809,3856.410156,3686.666504,3915.897461,3838.461426,3744.615234,3694.358887,3645.640869,3897.94873,3622.05127,3777.94873,3395.897461,3711.794678,4,4,4,4,4,4,4,4,4,4,4,4,4,4,0,0
3755.897461,3718.461426,3831.281982,3654.358887,3894.358887,3808.717773,3710.769043,3645.640869,3595.897461,3866.666504,3573.333252,3735.897461,3267.179443,3656.410156,4,4,4,4,4,4,4,4,4,4,4,4,4,4,0,0
3842.563965,3810.256348,3896.410156,3758.974365,3990.256348,3895.897461,3812.307617,3739.487061,3696.923096,3943.076904,3685.640869,3836.410156,3400.512695,3767.179443,4,4,4,4,4,4,4,4,4,4,4,4,4,4,0,0
3904.615234,3876.410156,3938.461426,3848.205078,4042.563965,3961.025635,3892.307617,3837.435791,3800,4000.512695,3795.897461,3920,3608.717773,3870.256348,4,4,4,4,4,4,4,4,4,4,4,4,4,4,0,0
4018.974365,4007.692139,4018.461426,4009.743408,4150.256348,4081.025635,4029.230713,3985.128174,3957.435791,4100.512695,3968.717773,4051.794678,3885.640869,4032.820313,4,4,4,4,4,4,4,4,4,4,4,4,4,4,0,0
4126.153809,4147.692383,4096.922852,4178.461426,4269.230469,4199.487305,4151.794922,4131.281738,4122.563965,4195.897461,4170.769043,4194.358887,4217.94873,4220,4,4,4,4,4,4,4,4,4,4,4,4,4,4,0,0
4071.794678,4104.615234,4056.923096,4133.333008,4228.717773,4153.333008,4100,4080,4075.384521,4144.102539,4132.820313,4146.666504,4215.384277,4177.94873,4,4,4,4,4,4,4,4,4,4,4,4,4,4,0,0
4103.07666,4140,4081.025635,4174.358887,4265.12793,4188.205078,4150.769043,4125.12793,4125.641113,4176.410156,4175.897461,4188.205078,4286.666504,4220,4,4,4,4,4,4,4,4,4,4,4,4,4,4,0,0
4141.025391,4181.538574,4105.641113,4227.692383,4298.974121,4230.256348,4191.281738,4189.230469,4200,4211.281738,4252.820313,4241.025391,4417.435547,4288.205078,4,4,4,4,4,4,4,4,4,4,4,4,4,4,0,0
4028.717773,4056.410156,4018.974365,4085.128174,4185.641113,4121.538574,4060.512695,4057.435791,4055.897217,4103.07666,4108.205078,4112.307617,4217.94873,4143.589844,4,4,4,4,4,4,4,4,4,4,4,4,4,4,0,0
3870.769043,3870.769043,3898.974365,3863.076904,4026.666504,3955.897461,3881.53833,3852.307617,3828.717773,3959.487061,3858.974365,3927.179443,3828.205078,3909.743408,4,4,4,4,4,4,4,4,4,4,4,4,4,4,0,0
3872.307617,3857.435791,3896.923096,3830.256348,4022.563965,3937.94873,3874.871582,3827.179443,3795.384521,3960,3803.5896,3906.666504,3705.640869,3870.256348,4,4,4,4,4,4,4,4,4,4,4,4,4,4,0,0
3997.94873,4003.5896,3993.845947,3998.461426,4144.615234,4061.53833,4018.461426,3986.153809,3968.205078,4084.102539,3994.358887,4053.333252,3969.230713,4046.153809,4,4,4,4,4,4,4,4,4,4,4,4,4,4,0,0
3920.512695,3931.281982,3936.410156,3924.615234,4065.128174,3999.487061,3939.487061,3914.871582,3900,4020.512695,3925.640869,3982.563965,3886.153809,3973.333252,4,4,4,4,4,4,4,4,4,4,4,4,4,4,0,0
3858.974365,3858.974365,3888.205078,3831.281982,4004.615234,3937.94873,3866.666504,3823.076904,3794.871582,3956.923096,3797.435791,3898.461426,3682.563965,3868.717773,4,4,4,4,4,4,4,4,4,4,4,4,4,4,0,0
3955.897461,3958.461426,3958.461426,3944.615234,4097.436035,4017.435791,3959.487061,3921.53833,3900,4037.94873,3915.897461,4001.53833,3840.512695,3985.640869,4,4,4,4,4,4,4,4,4,4,4,4,4,4,0,0
4085.640869,4096.922852,4055.384521,4126.153809,4224.102539,4144.615234,4106.666504,4071.281982,4061.025635,4149.743652,4109.230469,4146.153809,4145.12793,4164.102539,4,4,4,4,4,4,4,4,4,4,4,4,4,4,0,0
4280,4324.615234,4204.615234,4411.281738,4430.256348,4365.641113,4350.769043,4339.487305,4346.153809,4330.769043,4428.717773,4388.205078,4660,4467.179199,4,4,4,4,4,4,4,4,4,4,4,4,4,4,0,0
4174.871582,4236.922852,4125.12793,4306.153809,4341.025391,4285.12793,4241.025391,4264.102539,4281.538574,4241.025391,4359.487305,4303.589844,4622.563965,4392.307617,4,4,4,4,4,4,4,4,4,4,4,4,4,4,0,0
3945.128174,3982.05127,3948.717773,3983.5896,4106.153809,4042.05127,3969.743408,3965.128174,3960.512695,4022.05127,3999.487061,4025.128174,4087.692139,4062.05127,4,4,4,4,4,4,4,4,4,4,4,4,4,4,0,0
3993.333252,4014.358887,3984.102539,4014.358887,4136.410156,4059.487061,4013.333252,3989.743408,3975.384521,4061.53833,4008.205078,4061.025635,4055.384521,4090.769043,4,4,4,4,4,4,4,4,4,4,4,4,4,4,0,0
4092.307617,4122.05127,4055.384521,4143.07666,4236.922852,4154.871582,4128.205078,4101.538574,4097.436035,4149.743652,4148.205078,4170.256348,4255.897461,4224.615234,4,4,4,4,4,4,4,4,4,4,4,4,4,4,0,0
4211.794922,4256.410156,4141.025391,4306.153809,4352.820313,4280.512695,4262.05127,4241.025391,4246.666504,4251.794922,4326.666504,4306.153809,4538.461426,4391.281738,4,4,4,4,4,4,4,4,4,4,4,4,4,4,0,0
4266.153809,4323.589844,4184.102539,4400,4400,4338.974121,4325.641113,4332.307617,4346.666504,4303.07666,4445.12793,4387.692383,4747.179199,4501.025391,4,4,4,4,4,4,4,4,4,4,4,4,4,4,0,0
4276.410156,4349.230469,4194.871582,4435.384277,4435.897461,4373.333008,4374.358887,4377.94873,4398.974121,4318.461426,4491.281738,4411.281738,4832.820313,4543.07666,4,4,4,4,4,4,4,4,4,4,4,4,4,4,0,0
4286.153809,4363.589844,4198.974121,4460.512695,4457.94873,4388.205078,4370.769043,4391.794922,4422.563965,4323.589844,4524.615234,4429.230469,4903.589844,4570.769043,4,4,4,4,4,4,4,4,4,4,4,4,4,4,0,0
4210.769043,4268.717773,4137.436035,4349.743652,4368.205078,4292.307617,4253.333008,4281.025391,4306.153809,4246.153809,4407.692383,4335.384277,4745.12793,4457.94873,4,4,4,4,4,4,4,4,4,4,4,4,4,4,0,0
4168.717773,4222.05127,4112.820313,4285.12793,4350.769043,4285.641113,4312.820313,4284.615234,4288.717773,4220,4346.153809,4294.871582,4633.846191,4404.615234,4,4,4,4,4,4,4,4,4,4,4,4,4,4,0,0
4049.743408,4103.07666,4030.256348,4136.922852,4263.589844,4201.538574,4223.589844,4175.897461,4163.07666,4121.025391,4191.281738,4173.846191,4387.692383,4259.487305,4,4,4,4,4,4,4,4,4,4,4,4,4,4,0,0
4081.53833,4114.871582,4045.640869,4149.230469,4256.410156,4161.538574,4101.538574,4092.307617,4085.640869,4125.12793,4152.307617,4163.589844,4306.666504,4239.487305,4,4,4,4,4,4,4,4,4,4,4,4,4,4,0,0
4212.307617,4247.692383,4137.94873,4315.897461,4352.820313,4238.974121,4168.717773,4194.358887,4215.897461,4236.410156,4321.538574,4297.436035,4556.922852,4410.256348,4,4,4,4,4,4,4,4,4,4,4,4,4,4,0,0
4087.179443,4140.512695,4051.794678,4171.794922,4271.794922,4163.07666,4117.436035,4103.07666,4118.974121,4134.358887,4188.717773,4179.487305,4373.333008,4282.563965,4,4,4,4,4,4,4,4,4,4,4,4,4,4,0,0
4127.179199,4191.281738,4087.692139,4210.256348,4339.487305,4225.12793,4200.512695,4157.94873,4149.230469,4169.230469,4213.846191,4216.410156,4390.256348,4310.769043,4,4,4,4,4,4,4,4,4,4,4,4,4,4,0,0
4249.743652,4303.07666,4171.281738,4365.641113,4432.307617,4322.563965,4312.820313,4301.538574,4298.461426,4270.256348,4395.384277,4351.794922,4666.666504,4474.871582,4,4,4,4,4,4,4,4,4,4,4,4,4,4,0,0
4188.717773,4232.820313,4123.07666,4292.820313,4366.153809,4264.615234,4264.102539,4249.230469,4253.333008,4210.256348,4340,4291.794922,4596.410156,4415.897461,4,4,4,4,4,4,4,4,4,4,4,4,4,4,0,0
4153.846191,4209.743652,4103.589844,4253.333008,4351.794922,4235.897461,4228.205078,4210.769043,4216.922852,4184.615234,4292.820313,4261.538574,4517.94873,4375.384277,4,4,4,4,4,4,4,4,4,4,4,4,4,4,0,0
4163.589844,4214.871582,4107.179199,4264.102539,4363.07666,4236.922852,4224.615234,4207.179199,4213.333008,4192.307617,4286.666504,4263.07666,4504.102539,4371.281738,4,4,4,4,4,4,4,4,4,4,4,4,4,4,0,0
4211.281738,4260,4138.974121,4321.538574,4409.230469,4285.641113,4281.025391,4262.563965,4271.794922,4232.307617,4350.769043,4310.769043,4592.820313,4429.230469,4,4,4,4,4,4,4,4,4,4,4,4,4,4,0,0
4167.179199,4214.358887,4110.769043,4267.179199,4369.230469,4246.153809,4231.794922,4218.461426,4231.281738,4193.846191,4310.256348,4272.307617,4545.641113,4386.153809,4,4,4,4,4,4,4,4,4,4,4,4,4,4,0,0
4176.410156,4217.436035,4121.025391,4269.230469,4380,4255.384277,4247.179199,4221.025391,4225.12793,4200.512695,4294.358887,4273.846191,4519.487305,4378.461426,4,4,4,4,4,4,4,4,4,4,4,4,4,4,0,0
4262.05127,4317.94873,4185.641113,4391.281738,4467.692383,4345.641113,4349.743652,4343.07666,4352.307617,4285.641113,4433.333008,4381.025391,4727.692383,4508.717773,4,4,4,4,4,4,4,4,4,4,4,4,4,4,0,0
4030.256348,4059.487061,4007.179443,4094.871582,4232.307617,4108.717773,4073.845947,4067.692139,4073.845947,4072.820313,4131.794922,4119.487305,4296.410156,4210.769043,4,4,4,4,4,4,4,4,4,4,4,4,4,4,0,0
3734.871582,3704.102539,3780.512695,3658.461426,3935.384521,3791.794678,3712.820313,3654.871826,3629.230713,3793.333252,3624.615234,3740.512695,3483.5896,3735.897461,4,4,4,4,4,4,4,4,4,4,4,4,4,4,0,0
3673.333252,3613.845947,3734.358887,3525.640869,3885.640869,3710.769043,3628.717773,3536.410156,3485.640869,3742.563965,3449.743408,3642.05127,3131.281982,3584.102539,4,4,4,4,4,4,4,4,4,4,4,4,4,4,0,0
3678.974365,3615.897461,3740,3514.871826,3897.94873,3701.025635,3625.640869,3525.128174,3468.717773,3755.897461,3427.179443,3637.435791,3067.692139,3569.743408,4,4,4,4,4,4,4,4,4,4,4,4,4,4,0,0
3565.640869,3489.743408,3655.384521,3358.974365,3781.53833,3575.897461,3480.512695,3376.410156,3315.897461,3654.871826,3251.281982,3499.487061,2771.794922,3406.666504,4,4,4,4,4,4,4,4,4,4,4,4,4,4,0,0
3394.871826,3285.128174,3525.640869,3107.692139,3610.256348,3394.871826,3272.820313,3145.128174,3061.53833,3497.94873,2961.025635,3283.076904,2283.076904,3137.94873,4,4,4,4,4,4,4,4,4,4,4,4,4,4,0,0
3292.307617,3149.743408,3447.692139,2939.487061,3506.153809,3276.410156,3144.615234,2989.743408,2881.53833,3404.615234,2753.846191,3138.461426,1990.769165,2949.743408,4,4,4,4,4,4,4,4,4,4,4,4,4,4,0,0
3216.923096,3053.846191,3391.794678,2812.307617,3427.179443,3183.076904,3044.615234,2868.717773,2749.743408,3338.461426,2595.897461,3037.435791,1746.153809,2804.615234,4,4,4,4,4,4,4,4,4,4,4,4,4,4,0,0
3340,3195.384521,3487.179443,2958.461426,3561.025635,3309.230713,3194.871826,3004.102539,2890.256348,3457.435791,2730.256348,3168.205078,1832.307617,2935.384521,4,4,4,4,4,4,4,4,4,4,4,4,4,4,0,0
3547.179443,3436.923096,3643.5896,3259.487061,3771.281982,3531.281982,3447.692139,3291.281982,3194.358887,3657.435791,3070.769043,3424.102539,2287.179443,3251.281982,4,4,4,4,4,4,4,4,4,4,4,4,4,4,0,0
3388.205078,3260.512695,3517.94873,3081.53833,3602.563965,3375.384521,3263.076904,3126.666504,3025.128174,3512.307617,2906.666504,3260,2121.53833,3083.5896,4,4,4,4,4,4,4,4,4,4,4,4,4,4,0,0
3203.5896,3049.743408,3377.435791,2810.256348,3429.743408,3186.153809,3050.769043,2874.358887,2746.666504,3341.025635,2590.769287,3023.076904,1715.384521,2788.205078,4,4,4,4,4,4,4,4,4,4,4,4,4,4,0,0
3441.53833,3312.307617,3563.076904,3094.358887,3701.025635,3423.5896,3329.743408,3144.102539,3020,3558.974365,2880.512695,3286.666504,2118.461426,3069.743408,4,4,4,4,4,4,4,4,4,4,4,4,4,4,0,0
3866.153809,3797.435791,3887.179443,3692.307617,4178.461426,3873.333252,3841.025635,3700,3615.384521,3947.179443,3553.333252,3806.666504,3078.461426,3698.974365,4,4,4,4,4,4,4,4,4,4,4,4,4,4,0,0
4126.666504,4125.641113,4083.5896,4115.897461,4489.230469,4178.974121,4180,4097.436035,4054.358887,4192.820313,4066.153809,4161.538574,3904.102539,4163.07666,4,4,4,4,4,4,4,4,4,4,4,4,4,4,0,0
4077.435791,4103.07666,4043.5896,4111.281738,4446.153809,4154.358887,4137.94873,4098.974121,4071.794678,4148.717773,4115.384277,4146.666504,4118.461426,4176.922852,4,4,4,4,4,4,4,4,4,4,4,4,4,4,0,0
3957.94873,3958.974365,3951.281982,3956.923096,4311.281738,4029.230713,3989.743408,3948.205078,3908.205078,4021.025635,3949.230713,4003.5896,3910.769043,4008.205078,4,4,4,4,4,4,4,4,4,4,4,4,4,4,0,0
4122.563965,4124.102539,4078.461426,4152.307617,4472.307617,4187.179199,4181.538574,4131.281738,4090.769043,4156.410156,4152.307617,4186.666504,4186.153809,4212.307617,4,4,4,4,4,4,4,4,4,4,4,4,4,4,0,0
4406.666504,4466.666504,4298.461426,4557.435547,4773.846191,4494.871582,4540.512695,4529.230469,4514.871582,4430.769043,4625.641113,4547.179199,4950.769043,4648.205078,4,4,4,4,4,4,4,4,4,4,4,4,4,4,0,0
4381.538574,4456.922852,4274.871582,4585.12793,4745.641113,4487.692383,4517.94873,4552.307617,4557.435547,4409.743652,4692.820313,4547.692383,5150.256348,4682.05127,4,4,4,4,4,4,4,4,4,4,4,4,4,4,0,0
4140.512695,4146.666504,4085.128174,4253.333008,4452.820313,4214.871582,4206.153809,4220.512695,4210.769043,4149.230469,4314.358887,4249.743652,4612.307617,4333.333008,4,4,4,4,4,4,4,4,4,4,4,4,4,4,0,0
4252.307617,4257.436035,4176.410156,4346.666504,4560.512695,4318.461426,4343.07666,4332.820313,4309.743652,4251.281738,4406.153809,4361.538574,4698.461426,4443.07666,4,4,4,4,4,4,4,4,4,4,4,4,4,4,0,0
4405.641113,4489.743652,4303.07666,4587.692383,4768.717773,4520.512695,4560.512695,4591.281738,4587.692383,4438.974121,4725.641113,4588.717773,5198.461426,4721.025391,4,4,4,4,4,4,4,4,4,4,4,4,4,4,0,0
4149.230469,4209.230469,4103.589844,4285.12793,4501.538574,4261.538574,4248.717773,4277.94873,4271.281738,4188.717773,4392.307617,4295.384277,4764.615234,4393.333008,4,4,4,4,4,4,4,4,4,4,4,4,4,4,0,0
3973.333252,3955.384521,3963.5896,3997.435791,4280.512695,4032.307617,4005.128174,3981.53833,3946.153809,3988.717773,4024.615234,4040,4171.281738,4076.410156,4,4,4,4,4,4,4,4,4,4,4,4,4,4,0,0
4011.794678,3991.794678,3992.820313,4004.615234,4313.846191,4063.076904,4051.281982,4021.53833,3977.94873,4045.128174,4047.692139,4083.076904,4136.410156,4110.769043,4,4,4,4,4,4,4,4,4,4,4,4,4,4,0,0
4067.179443,4073.333252,4034.871582,4081.025635,4367.179199,4135.384277,4140,4129.743652,4080,4121.538574,4142.05127,4149.743652,4261.538574,4185.12793,4,4,4,4,4,4,4,4,4,4,4,4,4,4,0,0
4152.820313,4169.743652,4100.512695,4214.358887,4474.358887,4234.871582,4254.871582,4235.897461,4188.205078,4191.281738,4267.179199,4245.641113,4470.769043,4295.897461,4,4,4,4,4,4,4,4,4,4,4,4,4,4,0,0
4329.230469,4349.230469,4231.281738,4450.256348,4662.05127,4406.153809,4429.230469,4394.358887,4375.384277,4324.102539,4513.333008,4442.05127,4862.05127,4542.563965,4,4,4,4,4,4,4,4,4,4,4,4,4,4,0,0
4609.230469,4652.307617,4442.563965,4822.563965,4891.794922,4659.487305,4710.769043,4722.563965,4740,4562.563965,4934.358887,4758.974121,5466.153809,4945.12793,4,4,4,4,4,4,4,4,4,4,4,4,4,4,0,0
4824.615234,4939.486816,4608.717773,5161.025391,5104.615234,4903.589844,5003.589844,5071.794922,5109.743652,4775.897461,5338.974121,5052.307617,6157.94873,5302.05127,4,4,4,4,4,4,4,4,4,4,4,4,4,4,0,0
5121.538574,5344.615234,4830.769043,5621.538086,5451.794922,5265.12793,5416.410156,5506.666504,5570.256348,5056.922852,5863.589844,5442.563965,7091.794922,5772.820313,4,4,4,4,4,4,4,4,4,4,4,4,4,4,0,0
5394.358887,5651.281738,5033.846191,6027.179199,5699.486816,5548.205078,5728.205078,5894.871582,5990.769043,5284.615234,6361.025391,5788.717773,7690.256348,6222.05127,4,4,4,4,4,4,4,4,4,4,4,4,4,4,0,0
5271.281738,5467.692383,4942.05127,5891.794922,5542.563965,5421.538086,5580,5795.384277,5896.410156,5152.307617,6268.205078,5672.307617,7415.897461,6112.307617,4,4,4,4,4,4,4,4,4,4,4,4,4,4,0,0
5126.666504,5307.179199,4830.256348,5705.641113,5427.692383,5301.025391,5434.358887,5604.102539,5702.05127,5025.12793,6052.307617,5507.179199,7247.179199,5902.563965,4,4,4,4,4,4,4,4,4,4,4,4,4,4,0,0
5130.256348,5329.230469,4830.769043,5700.512695,5420,5303.07666,5426.666504,5582.05127,5682.563965,5025.12793,6031.794922,5502.05127,7330.256348,5884.615234,4,4,4,4,4,4,4,4,4,4,4,4,4,4,0,0
5050.769043,5241.538574,4779.487305,5589.230469,5312.820313,5211.794922,5329.230469,5492.307617,5580.512695,4947.692383,5907.179199,5404.102539,7150.769043,5771.281738,4,4,4,4,4,4,4,4,4,4,4,4,4,4,0,0
4862.563965,5022.563965,4642.563965,5335.897461,5136.922852,5021.025391,5118.461426,5264.102539,5335.384277,4791.794922,5630.769043,5187.179199,6852.820313,5510.256348,4,4,4,4,4,4,4,4,4,4,4,4,4,4,0,0
4537.435547,4619.487305,4389.743652,4868.205078,4803.589844,4666.666504,4716.410156,4823.07666,4865.641113,4495.384277,5108.717773,4784.615234,6101.025391,5009.743652,4,4,4,4,4,4,4,4,4,4,4,4,4,4,0,0
4275.897461,4298.974121,4193.333008,4462.563965,4534.358887,4381.538574,4396.922852,4447.692383,4451.281738,4253.846191,4621.025391,4441.025391,5196.410156,4564.102539,4,4,4,4,4,4,4,4,4,4,4,4,4,4,0,0
4145.641113,4167.692383,4104.102539,4236.922852,4401.538574,4237.436035,4238.974121,4249.230469,4234.358887,4146.666504,4352.820313,4271.281738,4703.07666,4332.307617,4,4,4,4,4,4,4,4,4,4,4,4,4,4,0,0
4007.179443,3984.615234,3997.94873,3991.794678,4228.717773,4055.897217,4042.05127,4022.563965,3990.769043,4017.435791,4067.692139,4061.53833,4213.846191,4066.666504,4,4,4,4,4,4,4,4,4,4,4,4,4,4,0,0
3976.923096,3907.179443,3972.820313,3917.94873,4194.358887,4003.076904,3989.230713,3943.076904,3891.794678,3995.384521,3940.512695,3983.076904,3918.974365,3949.743408,4,4,4,4,4,4,4,4,4,4,4,4,4,4,0,0
4083.076904,4062.05127,4062.05127,4076.923096,4347.179199,4137.436035,4137.436035,4083.076904,4030.256348,4118.974121,4094.358887,4124.102539,4101.538574,4095.384521,4,4,4,4,4,4,4,4,4,4,4,4,4,4,0,0
4178.974121,4174.871582,4138.461426,4208.205078,4429.230469,4234.871582,4249.743652,4210.256348,4161.538574,4206.153809,4250.256348,4240.512695,4310.256348,4235.897461,4,4,4,4,4,4,4,4,4,4,4,4,4,4,0,0
4180.512695,4138.461426,4132.307617,4200,4377.94873,4214.871582,4235.897461,4207.179199,4160.512695,4191.281738,4243.589844,4228.717773,4317.436035,4231.794922,4,4,4,4,4,4,4,4,4,4,4,4,4,4,0,0
4176.922852,4167.692383,4133.846191,4205.641113,4376.410156,4222.563965,4243.589844,4210.256348,4159.487305,4193.846191,4234.871582,4227.179199,4316.410156,4225.641113,4,4,4,4,4,4,4,4,4,4,4,4,4,4,0,0
4222.05127,4225.641113,4175.897461,4270.769043,4417.94873,4271.794922,4300.512695,4270.256348,4221.538574,4236.922852,4304.615234,4281.025391,4408.205078,4277.94873,4,4,4,4,4,4,4,4,4,4,4,4,4,4,0,0
4257.436035,4231.281738,4196.922852,4318.461426,4441.025391,4301.538574,4343.07666,4324.615234,4284.102539,4270.769043,4370.256348,4325.12793,4503.589844,4332.307617,4,4,4,4,4,4,4,4,4,4,4,4,4,4,0,0
4202.05127,4211.794922,4156.922852,4265.12793,4407.692383,4268.717773,4299.487305,4288.205078,4242.05127,4232.820313,4321.025391,4276.410156,4445.12793,4290.256348,4,4,4,4,4,4,4,4,4,4,4,4,4,4,0,0
4026.153809,4042.05127,4032.820313,4037.94873,4224.102539,4091.281982,4087.692139,4055.897217,3991.281982,4060,4054.871582,4070.256348,4042.05127,4038.461426,4,4,4,4,4,4,4,4,4,4,4,4,4,4,0,0
3904.102539,3856.410156,3936.410156,3838.974365,4058.974365,3928.205078,3916.410156,3851.794678,3774.358887,3935.384521,3805.128174,3894.358887,3622.05127,3807.692139,4,4,4,4,4,4,4,4,4,4,4,4,4,4,0,0
3875.897461,3818.974365,3916.410156,3778.461426,4041.025635,3896.923096,3887.179443,3816.923096,3731.281982,3933.333252,3736.410156,3852.820313,3470.769043,3749.230713,4,4,4,4,4,4,4,4,4,4,4,4,4,4,0,0
3835.384521,3799.487061,3890.769043,3725.640869,4036.923096,3874.871582,3848.717773,3770.769043,3674.871826,3909.230713,3677.435791,3811.794678,3354.871826,3691.794678,4,4,4,4,4,4,4,4,4,4,4,4,4,4,0,0
3868.717773,3794.871582,3909.230713,3734.871582,4023.076904,3874.871582,3854.871582,3757.435791,3665.128174,3912.820313,3666.666504,3812.307617,3323.5896,3685.640869,4,4,4,4,4,4,4,4,4,4,4,4,4,4,0,0
4010.769043,3921.025635,4020.512695,3894.358887,4125.641113,3998.461426,4012.307617,3922.563965,3843.5896,4035.897217,3851.794678,3968.717773,3574.871826,3867.692139,4,4,4,4,4,4,4,4,4,4,4,4,4,4,0,0
4199.487305,4172.307617,4171.281738,4193.846191,4355.897461,4222.563965,4260.512695,4204.615234,4138.461426,4227.179199,4179.487305,4225.12793,4060,4169.743652,4,4,4,4,4,4,4,4,4,4,4,4,4,4,0,0
4387.179199,4418.974121,4304.102539,4496.410156,4548.717773,4426.153809,4475.384277,4443.07666,4398.974121,4392.820313,4506.153809,4452.307617,4614.358887,4456.922852,4,4,4,4,4,4,4,4,4,4,4,4,4,4,0,0
4507.692383,4551.794922,4390.256348,4657.94873,4646.153809,4556.410156,4621.025391,4608.205078,4587.179199,4494.871582,4733.333008,4603.07666,5052.307617,4663.589844,4,4,4,4,4,4,4,4,4,4,4,4,4,4,0,0
4542.563965,4587.692383,4422.05127,4729.743652,4689.230469,4611.794922,4695.897461,4721.538574,4706.153809,4532.307617,4840.512695,4674.871582,5260.512695,4770.769043,4,4,4,4,4,4,4,4,4,4,4,4,4,4,0,0
4475.384277,4523.589844,4379.487305,4676.922852,4603.589844,4534.871582,4611.794922,4660,4643.589844,4465.641113,4785.12793,4624.102539,5175.384277,4708.205078,4,4,4,4,4,4,4,4,4,4,4,4,4,4,0,0
4431.281738,4474.358887,4352.307617,4605.641113,4524.102539,4486.153809,4553.333008,4575.384277,4560.512695,4422.05127,4720,4573.333008,5077.94873,4636.410156,4,4,4,4,4,4,4,4,4,4,4,4,4,4,0,0
4497.435547,4555.897461,4402.05127,4681.538574,4606.153809,4584.615234,4667.692383,4679.487305,4670.769043,4498.461426,4813.846191,4644.102539,5238.461426,4731.281738,4,4,4,4,4,4,4,4,4,4,4,4,4,4,0,0
4489.743652,4569.743652,4398.461426,4683.07666,4635.384277,4586.153809,4657.94873,4693.846191,4692.307617,4491.281738,4824.615234,4643.07666,5283.589844,4746.153809,4,4,4,4,4,4,4,4,4,4,4,4,4,4,0,0
4455.384277,4526.666504,4381.538574,4646.153809,4604.102539,4547.179199,4590.256348,4620,4622.05127,4447.179199,4770.256348,4605.12793,5205.641113,4701.025391,4,4,4,4,4,4,4,4,4,4,4,4,4,4,0,0
4592.820313,4632.820313,4480.512695,4801.025391,4665.12793,4681.538574,4756.410156,4771.281738,4781.025391,4564.615234,4943.07666,4758.461426,5427.179199,4887.692383,4,4,4,4,4,4,4,4,4,4,4,4,4,4,0,0
4759.487305,4810.769043,4593.846191,5016.410156,4801.025391,4842.563965,4956.922852,5004.615234,5030.769043,4715.384277,5195.897461,4946.153809,5824.102539,5122.563965,4,4,4,4,4,4,4,4,4,4,4,4,4,4,0,0
4723.589844,4814.871582,4573.846191,5004.615234,4847.179199,4818.974121,4907.179199,4996.410156,5037.435547,4692.820313,5207.179199,4920,5917.94873,5099.486816,4,4,4,4,4,4,4,4,4,4,4,4,4,4,0,0
4518.974121,4580,4432.307617,4712.307617,4655.384277,4619.487305,4668.205078,4740.512695,4770.769043,4501.025391,4935.384277,4710.256348,5513.846191,4857.435547,4,4,4,4,4,4,4,4,4,4,4,4,4,4,0,0
4480.512695,4488.205078,4401.538574,4620,4564.615234,4562.563965,4624.102539,4652.820313,4662.05127,4454.871582,4821.025391,4650.769043,5269.230469,4785.12793,4,4,4,4,4,4,4,4,4,4,4,4,4,4,0,0
4584.102539,4617.435547,4473.333008,4814.358887,4682.563965,4662.05127,4734.358887,4774.871582,4786.666504,4553.333008,4951.794922,4749.230469,5467.179199,4895.897461,4,4,4,4,4,4,4,4,4,4,4,4,4,4,0,0
4522.05127,4559.487305,4420.512695,4728.717773,4609.230469,4588.205078,4640.512695,4689.743652,4701.538574,4478.974121,4854.871582,4657.94873,5360,4794.871582,4,4,4,4,4,4,4,4,4,4,4,4,4,4,0,0
4469.230469,4395.897461,4380.512695,4507.692383,4464.102539,4488.717773,4538.974121,4565.641113,4556.922852,4393.333008,4696.922852,4566.153809,5049.743652,4694.871582,4,4,4,4,4,4,4,4,4,4,4,4,4,4,0,0
4447.179199,4369.743652,4370.769043,4507.692383,4453.333008,4473.846191,4524.102539,4544.615234,4531.281738,4396.922852,4670.256348,4564.102539,4966.666504,4686.666504,4,4,4,4,4,4,4,4,4,4,4,4,4,4,0,0
4327.692383,4353.333008,4282.05127,4492.307617,4431.281738,4405.641113,4444.102539,4454.871582,4448.717773,4346.153809,4556.410156,4445.12793,4853.846191,4527.179199,4,4,4,4,4,4,4,4,4,4,4,4,4,4,0,0
4289.230469,4264.102539,4242.563965,4352.820313,4375.384277,4330.256348,4361.538574,4362.05127,4347.179199,4282.563965,4430.256348,4347.692383,4650.769043,4402.05127,4,4,4,4,4,4,4,4,4,4,4,4,4,4,0,0
4331.281738,4204.102539,4267.692383,4270.769043,4330.769043,4301.025391,4323.589844,4316.410156,4291.281738,4257.94873,4394.871582,4354.871582,4503.589844,4427.692383,4,4,4,4,4,4,4,4,4,4,4,4,4,4,0,0
4324.615234,4229.230469,4270.256348,4318.974121,4314.871582,4311.281738,4339.487305,4320.512695,4294.358887,4283.589844,4409.230469,4365.641113,4497.435547,4450.769043,4,4,4,4,4,4,4,4,4,4,4,4,4,4,0,0
4267.179199,4182.563965,4229.230469,4261.538574,4282.563965,4277.436035,4310.256348,4297.436035,4269.230469,4260,4354.358887,4315.384277,4437.94873,4373.333008,4,4,4,4,4,4,4,4,4,4,4,4,4,4,0,0
4195.897461,4092.820313,4174.871582,4096.410156,4220,4182.05127,4195.384277,4182.563965,4142.563965,4158.974121,4212.307617,4217.436035,4198.461426,4243.589844,4,4,4,4,4,4,4,4,4,4,4,4,4,4,0,0
4130.769043,4075.384521,4130.769043,4053.845947,4163.589844,4107.692383,4106.666504,4070.769043,4027.179443,4106.153809,4100,4133.333008,4019.487061,4148.717773,4,4,4,4,4,4,4,4,4,4,4,4,4,4,0,0
4084.102539,4018.974365,4097.436035,4038.974365,4117.436035,4072.820313,4073.333252,4019.487061,3973.845947,4103.07666,4019.487061,4072.820313,3907.692139,4065.640869,4,4,4,4,4,4,4,4,4,4,4,4,4,4,0,0
4094.871582,3994.358887,4101.025391,3989.743408,4130.256348,4082.563965,4080,4026.153809,3971.281982,4106.666504,4010.769043,4070.256348,3847.692139,4054.358887,4,4,4,4,4,4,4,4,4,4,4,4,4,4,0,0
4133.333008,4017.435791,4120.512695,4003.076904,4140.512695,4086.153809,4073.845947,4020.512695,3967.179443,4102.563965,4038.461426,4102.05127,3816.923096,4103.07666,4,4,4,4,4,4,4,4,4,4,4,4,4,4,0,0
4168.717773,4034.871582,4144.615234,4082.563965,4132.307617,4099.487305,4100.512695,4048.205078,3994.871582,4121.538574,4062.563965,4132.307617,3831.281982,4132.820313,4,4,4,4,4,4,4,4,4,4,4,4,4,4,0,0
4195.897461,4104.102539,4175.897461,4088.717773,4157.436035,4150.769043,4177.436035,4136.922852,4082.05127,4167.179199,4121.025391,4168.205078,3988.205078,4163.07666,4,4,4,4,4,4,4,4,4,4,4,4,4,4,0,0
4175.384277,4151.281738,4169.743652,4054.871582,4193.333008,4169.743652,4182.05127,4137.94873,4095.384521,4181.025391,4151.794922,4173.333008,4090.769043,4168.717773,4,4,4,4,4,4,4,4,4,4,4,4,4,4,0,0
4181.538574,4140,4165.12793,4152.820313,4224.102539,4175.897461,4169.230469,4131.794922,4094.358887,4189.743652,4170.256348,4180.512695,4086.666504,4184.102539,4,4,4,4,4,4,4,4,4,4,4,4,4,4,0,0
4173.333008,4104.615234,4155.384277,4184.615234,4191.794922,4159.487305,4170.256348,4166.153809,4111.794922,4176.410156,4164.102539,4172.820313,4060.512695,4167.692383,4,4,4,4,4,4,4,4,4,4,4,4,4,4,0,0
4143.07666,4088.717773,4138.461426,4078.461426,4131.794922,4118.974121,4132.307617,4113.333008,4056.410156,4135.384277,4129.743652,4145.12793,4001.53833,4142.05127,4,4,4,4,4,4,4,4,4,4,4,4,4,4,0,0
4152.307617,4083.5896,4145.641113,4044.102539,4122.05127,4109.230469,4094.871582,4027.692139,3992.820313,4121.025391,4101.025391,4133.846191,3921.025635,4151.281738,4,4,4,4,4,4,4,4,4,4,4,4,4,4,0,0
4107.179199,4037.94873,4110.256348,4038.974365,4105.641113,4094.358887,4085.128174,4015.897217,3979.487061,4111.281738,4029.743408,4078.461426,3837.94873,4065.640869,4,4,4,4,4,4,4,4,4,4,4,4,4,4,0,0
4089.230713,4043.5896,4094.871582,4026.666504,4095.897217,4087.179443,4096.922852,4060.512695,4007.179443,4118.974121,4010.256348,4055.384521,3855.384521,4015.897217,4,4,4,4,4,4,4,4,4,4,4,4,4,4,0,0
4109.230469,4089.743408,4107.692383,4023.5896,4093.845947,4075.384521,4056.923096,4028.205078,3981.53833,4111.794922,4040,4081.53833,3885.128174,4065.640869,4,4,4,4,4,4,4,4,4,4,4,4,4,4,0,0
4094.871582,4066.153809,4096.922852,4001.025635,4078.974365,4056.923096,4028.205078,3982.563965,3947.692139,4092.820313,4014.871582,4072.307617,3835.897461,4070.769043,4,4,4,4,4,4,4,4,4,4,4,4,4,4,0,0
4076.410156,4018.461426,4085.128174,3999.487061,4077.435791,4056.923096,4050.769043,4018.461426,3975.897217,4101.025391,3988.205078,4047.692139,3805.640869,4027.179443,4,4,4,4,4,4,4,4,4,4,4,4,4,4,0,0
4047.692139,4000,4067.179443,3981.53833,4056.923096,4026.666504,4006.153809,3993.845947,3941.025635,4084.615234,3967.179443,4015.384521,3771.794678,3972.820313,4,4,4,4,4,4,4,4,4,4,4,4,4,4,0,0
4032.820313,3997.94873,4056.410156,3948.205078,4035.384521,4011.281982,3986.153809,3963.076904,3906.666504,4070.769043,3948.205078,3997.94873,3736.923096,3957.94873,4,4,4,4,4,4,4,4,4,4,4,4,4,4,0,0
4033.845947,3972.820313,4054.358887,3926.153809,4023.076904,4015.897217,4010.256348,3980,3921.53833,4065.640869,3934.871582,4000.512695,3707.179443,3966.666504,4,4,4,4,4,4,4,4,4,4,4,4,4,4,0,0
4053.333252,3976.923096,4066.666504,3940,4017.94873,4011.794678,3985.640869,3965.640869,3911.794678,4059.487061,3935.384521,4008.205078,3698.974365,3975.897217,4,4,4,4,4,4,4,4,4,4,4,4,4,4,0,0
4055.384521,4028.205078,4070.256348,3976.923096,4041.025635,4027.179443,3983.5896,3970.256348,3924.615234,4080,3960.512695,4020.512695,3748.205078,3985.640869,4,4,4,4,4,4,4,4,4,4,4,4,4,4,0,0
4035.897217,4030.769043,4055.384521,3972.820313,4045.640869,4038.461426,4008.205078,3985.640869,3944.102539,4086.666504,3960,4020.512695,3753.333252,3972.307617,4,4,4,4,4,4,4,4,4,4,4,4,4,4,0,0
4068.205078,4033.845947,4080,3993.845947,4054.871582,4057.435791,4018.974365,3986.666504,3952.820313,4094.871582,3978.461426,4036.410156,3777.94873,3990.769043,4,4,4,4,4,4,4,4,4,4,4,4,4,4,0,0
4091.281982,4043.5896,4101.538574,4021.53833,4063.076904,4061.025635,4008.205078,3997.435791,3974.358887,4108.717773,4011.794678,4057.435791,3838.974365,4029.230713,4,4,4,4,4,4,4,4,4,4,4,4,4,4,0,0
4097.94873,4040.512695,4102.563965,4016.410156,4058.461426,4059.487061,4023.076904,4034.871582,4013.333252,4122.05127,4033.333252,4078.461426,3868.717773,4056.923096,4,4,4,4,4,4,4,4,4,4,4,4,4,4,0,0
4124.102539,4078.461426,4120,4041.53833,4072.307617,4091.794678,4057.94873,4062.563965,4040,4137.94873,4066.666504,4101.538574,3912.820313,4081.53833,4,4,4,4,4,4,4,4,4,4,4,4,4,4,0,0
4100,4092.307617,4106.666504,4056.410156,4070.769043,4087.179443,4032.307617,4033.845947,4015.384521,4120,4053.333252,4082.563965,3903.5896,4059.487061,4,4,4,4,4,4,4,4,4,4,4,4,4,4,0,0
4091.281982,4086.666504,4098.461426,4060.512695,4068.717773,4074.358887,4021.53833,4050.256348,4027.179443,4119.487305,4052.820313,4079.487061,3908.205078,4061.53833,4,4,4,4,4,4,4,4,4,4,4,4,4,4,0,0
4135.384277,4109.230469,4128.205078,4085.128174,4072.820313,4096.410156,4046.153809,4088.717773,4061.025635,4146.666504,4097.436035,4120.512695,3982.563965,4108.717773,4,4,4,4,4,4,4,4,4,4,4,4,4,4,0,0
4138.461426,4112.820313,4132.820313,4090.769043,4070.256348,4112.820313,4056.410156,4091.794678,4066.153809,4152.820313,4096.922852,4128.205078,4002.563965,4102.563965,4,4,4,4,4,4,4,4,4,4,4,4,4,4,0,0
4116.922852,4097.94873,4117.436035,4078.461426,4075.384521,4113.333008,4059.487061,4110.769043,4082.05127,4152.307617,4079.487061,4108.717773,3987.179443,4083.5896,4,4,4,4,4,4,4,4,4,4,4,4,4,4,0,0
4117.436035,4097.436035,4121.538574,4066.666504,4069.743408,4104.615234,4040,4107.692383,4072.820313,4143.589844,4085.640869,4109.743652,3981.025635,4092.820313,4,4,4,4,4,4,4,4,4,4,4,4,4,4,0,0
4126.153809,4117.94873,4134.358887,4086.153809,4073.333252,4115.897461,4041.025635,4103.589844,4068.205078,4140.512695,4102.05127,4125.641113,4000,4104.615234,4,4,4,4,4,4,4,4,4,4,4,4,4,4,0,0
4112.307617,4117.94873,4117.94873,4098.461426,4068.205078,4114.871582,4043.076904,4109.743652,4077.435791,4133.333008,4090.256348,4118.461426,4001.025635,4099.487305,4,4,4,4,4,4,4,4,4,4,4,4,4,4,0,0
4104.615234,4104.102539,4110.769043,4086.666504,4050.256348,4100.512695,4033.333252,4110.256348,4073.845947,4124.102539,4075.384521,4112.820313,3987.692139,4095.384521,4,4,4,4,4,4,4,4,4,4,4,4,4,4,0,0
4134.871582,4108.205078,4139.487305,4098.461426,4057.435791,4118.461426,4052.820313,4138.974121,4091.794678,4137.436035,4104.615234,4134.358887,4020.512695,4117.94873,4,4,4,4,4,4,4,4,4,4,4,4,4,4,0,0
4135.384277,4108.205078,4135.897461,4098.461426,4063.5896,4122.563965,4052.307617,4143.589844,4094.358887,4135.897461,4109.743652,4132.307617,4028.717773,4116.922852,4,4,4,4,4,4,4,4,4,4,4,4,4,4,0,0
4120.512695,4119.487305,4120,4096.922852,4063.5896,4118.974121,4057.94873,4135.897461,4091.281982,4134.871582,4093.333252,4120,4013.333252,4103.07666,4,4,4,4,4,4,4,4,4,4,4,4,4,4,0,0
4138.974121,4107.179199,4131.281738,4089.743408,4054.358887,4123.589844,4072.307617,4134.871582,4096.410156,4144.102539,4098.974121,4128.717773,4015.384521,4113.333008,4,4,4,4,4,4,4,4,4,4,4,4,4,4,0,0
4147.692383,4080,4133.333008,4071.794678,4036.410156,4119.487305,4064.102539,4138.974121,4093.333252,4138.461426,4108.205078,4136.922852,4021.53833,4121.538574,4,4,4,4,4,4,4,4,4,4,4,4,4,4,0,0
4128.205078,4115.384277,4126.153809,4092.820313,4041.025635,4127.179199,4073.845947,4165.12793,4105.12793,4135.384277,4106.666504,4134.358887,4034.358887,4117.436035,4,4,4,4,4,4,4,4,4,4,4,4,4,4,0,0
4098.974121,4129.743652,4114.358887,4086.666504,4032.820313,4114.871582,4057.94873,4132.307617,4074.871582,4120,4067.179443,4109.230469,3985.128174,4082.563965,4,4,4,4,4,4,4,4,4,4,4,4,4,4,0,0
4101.538574,4094.358887,4110.256348,4076.410156,4021.53833,4101.538574,4023.5896,4080,4038.461426,4111.794922,4045.128174,4098.461426,3943.5896,4064.102539,4,4,4,4,4,4,4,4,4,4,4,4,4,4,0,0
4112.307617,4088.205078,4111.281738,4075.897217,4017.94873,4103.589844,4019.487061,4106.153809,4066.153809,4124.615234,4063.5896,4107.179199,3969.230713,4078.461426,4,4,4,4,4,4,4,4,4,4,4,4,4,4,0,0
4095.897217,4085.128174,4101.538574,4033.845947,3995.384521,4085.640869,4005.128174,4120,4065.640869,4112.820313,4046.666504,4092.307617,3947.179443,4066.666504,4,4,4,4,4,4,4,4,4,4,4,4,4,4,0,0
4088.717773,4067.692139,4101.538574,4020,3988.205078,4076.410156,3988.717773,4086.153809,4028.717773,4097.94873,4019.487061,4075.384521,3900,4046.666504,4,4,4,4,4,4,4,4,4,4,4,4,4,4,0,0
4085.640869,4061.53833,4100,4037.94873,3995.897217,4082.05127,3996.410156,4089.743408,4034.871582,4099.487305,4024.102539,4075.897217,3895.384521,4040,4,4,4,4,4,4,4,4,4,4,4,4,4,4,0,0
4093.333252,4077.94873,4100.512695,4042.05127,3994.358887,4084.615234,4001.025635,4118.974121,4062.563965,4107.179199,4038.461426,4086.153809,3919.487061,4052.820313,4,4,4,4,4,4,4,4,4,4,4,4,4,4,0,0
4101.025391,4093.333252,4106.666504,4050.256348,3990.256348,4090.256348,3988.717773,4102.05127,4051.281982,4107.692383,4042.05127,4090.256348,3929.743408,4069.230713,4,4,4,4,4,4,4,4,4,4,4,4,4,4,0,0
4085.640869,4083.5896,4102.563965,4051.281982,3987.692139,4092.820313,3978.461426,4071.281982,4031.281982,4097.94873,4033.845947,4082.05127,3918.974365,4061.53833,4,4,4,4,4,4,4,4,4,4,4,4,4,4,0,0
4090.769043,4087.692139,4104.615234,4051.281982,3996.923096,4099.487305,3987.179443,4091.794678,4054.358887,4109.230469,4041.53833,4083.076904,3938.974365,4059.487061,4,4,4,4,4,4,4,4,4,4,4,4,4,4,0,0
4103.07666,4101.025391,4108.205078,4054.358887,3993.333252,4099.487305,3984.102539,4109.743652,4067.692139,4116.922852,4052.307617,4095.384521,3953.845947,4071.281982,4,4,4,4,4,4,4,4,4,4,4,4,4,4,0,0
4094.871582,4095.897217,4104.102539,4060.512695,3985.128174,4092.820313,3969.743408,4096.922852,4051.281982,4103.07666,4037.94873,4091.794678,3927.692139,4067.692139,4,4,4,4,4,4,4,4,4,4,4,4,4,4,0,0
4098.974121,4082.05127,4105.641113,4060.512695,3987.179443,4095.384521,3972.307617,4098.974121,4051.281982,4104.102539,4028.205078,4077.94873,3925.640869,4058.461426,4,4,4,4,4,4,4,4,4,4,4,4,4,4,0,0
4110.256348,4080,4111.794922,4038.974365,3984.102539,4098.974121,3977.435791,4108.717773,4056.410156,4110.256348,4047.692139,4088.717773,3957.435791,4073.333252,4,4,4,4,4,4,4,4,4,4,4,4,4,4,0,0
4099.487305,4107.692383,4105.12793,4034.871582,3983.076904,4095.897217,3973.333252,4105.12793,4050.256348,4105.641113,4057.94873,4096.410156,3952.307617,4082.05127,4,4,4,4,4,4,4,4,4,4,4,4,4,4,0,0
4078.461426,4094.358887,4086.666504,4053.333252,3974.358887,4085.640869,3954.871582,4081.53833,4028.717773,4091.794678,4024.615234,4066.666504,3900.512695,4043.076904,4,4,4,4,4,4,4,4,4,4,4,4,4,4,0,0
4073.845947,4050.769043,4080.512695,4031.794678,3952.820313,4081.53833,3944.102539,4063.5896,4012.820313,4080,3998.461426,4043.076904,3874.358887,4005.640869,4,4,4,4,4,4,4,4,4,4,4,4,4,4,0,0
4074.358887,4065.128174,4084.615234,3993.845947,3936.410156,4082.05127,3943.5896,4064.615234,4016.410156,4078.974365,4008.205078,4048.717773,3881.53833,4012.820313,4,4,4,4,4,4,4,4,4,4,4,4,4,4,0,0
4041.025635,4069.743408,4060.512695,3983.076904,3918.461426,4054.358887,3905.640869,4034.358887,3994.358887,4068.717773,3975.897217,4030.769043,3824.615234,3993.333252,4,4,4,4,4,4,4,4,4,4,4,4,4,4,0,0
4022.563965,4016.923096,4037.94873,3983.076904,3897.435791,4027.179443,3870.769043,3996.923096,3960,4056.410156,3926.153809,3994.871582,3756.923096,3950.769043,4,4,4,4,4,4,4,4,4,4,4,4,4,4,0,0
4050.256348,4000,4058.461426,3969.230713,3874.871582,4025.640869,3871.794678,3991.281982,3955.897461,4054.358887,3930.256348,4000.512695,3766.666504,3957.435791,4,4,4,4,4,4,4,4,4,4,4,4,4,4,0,0
4032.820313,4021.025635,4051.794678,3935.897461,3856.923096,4008.717773,3851.794678,3967.692139,3937.94873,4041.025635,3914.871582,3991.794678,3737.94873,3943.5896,4,4,4,4,4,4,4,4,4,4,4,4,4,4,0,0
3966.666504,3982.563965,4001.025635,3892.307617,3849.230713,3967.692139,3800,3912.820313,3884.102539,4009.230713,3841.53833,3926.666504,3616.410156,3870.769043,4,4,4,4,4,4,4,4,4,4,4,4,4,4,0,0
3949.743408,3919.487061,3984.102539,3843.5896,3830.256348,3937.435791,3766.666504,3873.845947,3842.563965,3981.53833,3786.153809,3890.769043,3526.153809,3827.692139,4,4,4,4,4,4,4,4,4,4,4,4,4,4,0,0
3968.205078,3923.5896,3995.897217,3821.53833,3810.769043,3929.743408,3760,3863.5896,3830.256348,3975.384521,3777.94873,3893.845947,3508.717773,3827.179443,4,4,4,4,4,4,4,4,4,4,4,4,4,4,0,0
3956.923096,3929.743408,3983.076904,3841.025635,3803.076904,3923.076904,3752.820313,3852.820313,3818.461426,3971.281982,3771.281982,3881.025635,3492.820313,3817.94873,4,4,4,4,4,4,4,4,4,4,4,4,4,4,0,0
3953.845947,3911.281982,3980,3863.076904,3797.435791,3924.615234,3758.974365,3853.845947,3821.025635,3972.820313,3768.717773,3881.025635,3489.230713,3822.05127,4,4,4,4,4,4,4,4,4,4,4,4,4,4,0,0
3958.461426,3916.923096,3987.692139,3845.128174,3800,3926.153809,3762.563965,3860.512695,3830.769043,3980,3770.769043,3886.153809,3491.794678,3827.179443,4,4,4,4,4,4,4,4,4,4,4,4,4,4,0,0
3924.102539,3914.871582,3963.076904,3796.923096,3792.820313,3898.974365,3727.692139,3827.179443,3801.025635,3962.563965,3742.05127,3862.05127,3440,3789.743408,4,4,4,4,4,4,4,4,4,4,4,4,4,4,0,0
3916.923096,3907.179443,3952.307617,3798.461426,3781.53833,3888.205078,3718.461426,3809.743408,3783.5896,3952.307617,3721.53833,3848.717773,3416.923096,3772.820313,4,4,4,4,4,4,4,4,4,4,4,4,4,4,0,0
3949.743408,3916.410156,3969.743408,3831.794678,3789.230713,3910.769043,3742.05127,3834.871582,3808.717773,3970.256348,3737.435791,3861.53833,3454.358887,3792.820313,4,4,4,4,4,4,4,4,4,4,4,4,4,4,0,0
3948.205078,3912.307617,3968.717773,3806.153809,3788.717773,3907.692139,3731.281982,3827.692139,3806.666504,3968.717773,3743.5896,3865.640869,3450.256348,3797.435791,4,4,4,4,4,4,4,4,4,4,4,4,4,4,0,0
3926.666504,3891.794678,3958.461426,3770.256348,3760.512695,3882.563965,3708.205078,3796.923096,3776.923096,3946.666504,3717.94873,3847.179443,3401.53833,3776.923096,4,4,4,4,4,4,4,4,4,4,4,4,4,4,0,0
3921.025635,3880,3955.384521,3793.845947,3749.230713,3877.435791,3704.615234,3793.333252,3770.769043,3944.615234,3700.512695,3835.384521,3389.743408,3757.435791,4,4,4,4,4,4,4,4,4,4,4,4,4,4,0,0
3911.281982,3871.794678,3946.153809,3816.923096,3763.076904,3879.487061,3696.923096,3796.410156,3773.333252,3950.256348,3696.923096,3828.205078,3394.358887,3744.615234,4,4,4,4,4,4,4,4,4,4,4,4,4,4,0,0
3904.615234,3877.435791,3945.128174,3799.487061,3765.128174,3877.94873,3690.769043,3788.717773,3768.205078,3950.769043,3693.845947,3828.205078,3386.666504,3749.743408,4,4,4,4,4,4,4,4,4,4,4,4,4,4,0,0
3916.410156,3900,3953.845947,3786.666504,3763.5896,3884.102539,3697.94873,3788.717773,3774.358887,3954.871582,3709.743408,3843.5896,3407.179443,3770.769043,4,4,4,4,4,4,4,4,4,4,4,4,4,4,0,0
3925.640869,3903.5896,3952.820313,3791.794678,3769.743408,3889.230713,3702.563965,3793.845947,3784.615234,3955.897461,3721.53833,3839.487061,3424.615234,3773.333252,4,4,4,4,4,4,4,4,4,4,4,4,4,4,0,0
3930.256348,3897.435791,3954.358887,3800.512695,3777.94873,3893.845947,3712.307617,3807.692139,3800,3962.563965,3725.128174,3842.05127,3428.205078,3783.076904,4,4,4,4,4,4,4,4,4,4,4,4,4,4,0,0
3941.53833,3910.256348,3964.102539,3815.384521,3781.53833,3903.076904,3724.615234,3822.05127,3814.871582,3976.410156,3735.384521,3857.94873,3449.743408,3803.076904,4,4,4,4,4,4,4,4,4,4,4,4,4,4,0,0
3946.153809,3931.794678,3964.102539,3827.692139,3784.102539,3911.281982,3724.615234,3824.615234,3819.487061,3980.512695,3746.666504,3860.512695,3475.897461,3810.256348,4,4,4,4,4,4,4,4,4,4,4,4,4,4,0,0
3939.487061,3925.128174,3957.435791,3829.743408,3784.102539,3910.256348,3723.076904,3832.820313,3824.615234,3976.923096,3752.820313,3860,3485.128174,3808.717773,4,4,4,4,4,4,4,4,4,4,4,4,4,4,0,0
3936.923096,3897.94873,3955.384521,3824.615234,3770.256348,3902.05127,3710.256348,3819.487061,3803.076904,3966.153809,3728.205078,3846.153809,3455.384521,3788.717773,4,4,4,4,4,4,4,4,4,4,4,4,4,4,0,0
3941.53833,3908.205078,3957.94873,3823.076904,3769.230713,3895.384521,3692.307617,3797.94873,3780,3960,3715.897461,3841.025635,3436.923096,3782.563965,4,4,4,4,4,4,4,4,4,4,4,4,4,4,0,0
3913.845947,3916.410156,3937.435791,3809.230713,3773.845947,3884.102539,3681.53833,3803.076904,3783.5896,3956.410156,3711.281982,3830.769043,3422.563965,3772.820313,4,4,4,4,4,4,4,4,4,4,4,4,4,4,0,0
3895.384521,3896.410156,3930.256348,3784.102539,3771.281982,3877.435791,3682.05127,3812.307617,3786.153809,3956.410156,3695.897461,3817.435791,3411.281982,3761.025635,4,4,4,4,4,4,4,4,4,4,4,4,4,4,0,0
3920.512695,3891.794678,3953.333252,3778.461426,3760,3877.94873,3680.512695,3791.794678,3770.769043,3957.94873,3697.435791,3829.230713,3430.769043,3768.717773,4,4,4,4,4,4,4,4,4,4,4,4,4,4,0,0
3906.153809,3886.666504,3938.974365,3777.435791,3746.666504,3868.205078,3668.205078,3768.717773,3754.358887,3945.640869,3682.05127,3815.384521,3394.358887,3748.205078,4,4,4,4,4,4,4,4,4,4,4,4,4,4,0,0
3904.102539,3892.307617,3936.410156,3806.153809,3747.179443,3880,3691.281982,3820.512695,3792.820313,3960.512695,3694.871826,3822.563965,3390.256348,3757.94873,4,4,4,4,4,4,4,4,4,4,4,4,4,4,0,0
3949.230713,3915.384521,3974.871582,3844.102539,3752.307617,3897.94873,3715.384521,3863.5896,3834.358887,3992.307617,3747.179443,3870.256348,3487.692139,3811.281982,4,4,4,4,4,4,4,4,4,4,4,4,4,4,0,0
3927.179443,3903.076904,3957.435791,3806.666504,3761.025635,3876.923096,3676.923096,3802.05127,3791.794678,3975.897217,3728.205078,3849.230713,3493.845947,3785.128174,4,4,4,4,4,4,4,4,4,4,4,4,4,4,0,0
3874.358887,3867.179443,3906.153809,3753.333252,3762.563965,3845.640869,3626.153809,3736.923096,3730.769043,3935.897461,3659.487061,3791.281982,3385.640869,3716.410156,4,4,4,4,4,4,4,4,4,4,4,4,4,4,0,0
3901.53833,3869.743408,3922.563965,3776.923096,3738.461426,3846.666504,3640,3758.974365,3741.025635,3940.512695,3658.461426,3798.974365,3368.205078,3727.179443,4,4,4,4,4,4,4,4,4,4,4,4,4,4,0,0
3935.897461,3904.615234,3960,3820,3736.923096,3880.512695,3695.897461,3821.025635,3799.487061,3980,3721.025635,3849.230713,3472.820313,3787.179443,4,4,4,4,4,4,4,4,4,4,4,4,4,4,0,0
3889.743408,3889.230713,3928.205078,3781.53833,3751.281982,3880.512695,3685.640869,3813.845947,3795.897461,3968.205078,3705.128174,3831.281982,3461.025635,3763.5896,4,4,4,4,4,4,4,4,4,4,4,4,4,4,0,0
3880,3874.358887,3910.256348,3751.794678,3745.640869,3859.487061,3657.94873,3790.769043,3769.743408,3945.640869,3660.512695,3797.435791,3386.153809,3724.615234,4,4,4,4,4,4,4,4,4,4,4,4,4,4,0,0
3937.435791,3912.307617,3953.845947,3811.794678,3758.461426,3882.563965,3695.897461,3830.256348,3806.666504,3978.461426,3712.307617,3847.692139,3465.128174,3785.640869,4,4,4,4,4,4,4,4,4,4,4,4,4,4,0,0
3948.205078,3937.435791,3966.153809,3848.717773,3780,3909.743408,3722.563965,3861.53833,3841.025635,4002.05127,3764.615234,3887.692139,3553.333252,3833.333252,4,4,4,4,4,4,4,4,4,4,4,4,4,4,0,0
3945.640869,3932.307617,3960.512695,3847.179443,3768.717773,3910.256348,3716.923096,3864.102539,3845.128174,3997.435791,3765.128174,3881.025635,3563.076904,3828.205078,4,4,4,4,4,4,4,4,4,4,4,4,4,4,0,0
3915.897461,3864.615234,3940.512695,3785.640869,3715.384521,3863.076904,3670.256348,3810.769043,3788.205078,3956.410156,3696.410156,3829.743408,3486.153809,3769.230713,4,4,4,4,4,4,4,4,4,4,4,4,4,4,0,0
3812.820313,3764.615234,3870.256348,3672.820313,3651.281982,3777.94873,3575.897461,3688.205078,3653.845947,3874.871582,3548.717773,3718.974365,3266.666504,3639.487061,4,4,4,4,4,4,4,4,4,4,4,4,4,4,0,0
3797.435791,3782.563965,3857.435791,3662.05127,3649.230713,3767.692139,3567.179443,3664.102539,3625.640869,3867.179443,3520.512695,3705.128174,3178.461426,3615.897461,4,4,4,4,4,4,4,4,4,4,4,4,4,4,0,0
3896.923096,3874.871582,3931.281982,3739.487061,3700.512695,3835.384521,3656.410156,3770.769043,3743.076904,3944.615234,3650.769043,3804.102539,3360.512695,3731.281982,4,4,4,4,4,4,4,4,4,4,4,4,4,4,0,0
3941.53833,3908.717773,3964.102539,3795.384521,3757.435791,3882.563965,3712.307617,3841.53833,3820.512695,3988.205078,3736.410156,3860.512695,3522.563965,3806.153809,4,4,4,4,4,4,4,4,4,4,4,4,4,4,0,0
3937.94873,3935.897461,3957.435791,3858.461426,3801.025635,3912.820313,3740.512695,3869.743408,3848.205078,3997.435791,3767.179443,3885.640869,3582.05127,3835.897461,4,4,4,4,4,4,4,4,4,4,4,4,4,4,0,0
3970.769043,3975.384521,3982.563965,3916.410156,3824.102539,3946.153809,3781.025635,3911.281982,3895.384521,4022.563965,3818.974365,3924.102539,3662.563965,3884.615234,4,4,4,4,4,4,4,4,4,4,4,4,4,4,0,0
4028.717773,4001.53833,4026.666504,3926.153809,3837.94873,3979.487061,3827.179443,3957.435791,3951.281982,4056.410156,3889.230713,3978.974365,3788.205078,3951.794678,4,4,4,4,4,4,4,4,4,4,4,4,4,4,0,0
4058.461426,4040,4048.205078,3958.974365,3850.769043,4016.923096,3872.820313,4003.076904,3996.923096,4082.563965,3952.820313,4025.640869,3897.435791,4008.205078,4,4,4,4,4,4,4,4,4,4,4,4,4,4,0,0
4054.871582,4058.461426,4045.640869,4027.692139,3875.384521,4036.410156,3895.384521,4030.256348,4023.5896,4093.845947,3986.153809,4037.94873,3956.410156,4031.794678,4,4,4,4,4,4,4,4,4,4,4,4,4,4,0,0
4040,4031.281982,4035.384521,4023.5896,3893.333252,4023.076904,3881.025635,4018.461426,4019.487061,4087.179443,3985.128174,4030.256348,3973.845947,4022.563965,4,4,4,4,4,4,4,4,4,4,4,4,4,4,0,0
4027.179443,4022.563965,4029.230713,3976.410156,3885.128174,4010.256348,3872.820313,4004.102539,4007.179443,4081.025635,3972.307617,4020,3970.256348,4004.615234,4,4,4,4,4,4,4,4,4,4,4,4,4,4,0,0
4046.153809,4066.153809,4050.769043,4015.384521,3884.102539,4034.871582,3903.5896,4033.845947,4036.923096,4102.563965,4005.640869,4047.179443,4013.845947,4039.487061,4,4,4,4,4,4,4,4,4,4,4,4,4,4,0,0
4057.435791,4061.025635,4060.512695,4047.179443,3878.461426,4043.5896,3912.307617,4040.512695,4046.666504,4102.05127,4018.974365,4060,4026.153809,4056.410156,4,4,4,4,4,4,4,4,4,4,4,4,4,4,0,0
4048.717773,4021.53833,4044.615234,3999.487061,3868.205078,4028.205078,3896.923096,4015.384521,4024.102539,4085.640869,3988.205078,4040.512695,3992.820313,4030.256348,4,4,4,4,4,4,4,4,4,4,4,4,4,4,0,0
4016.410156,4007.692139,4014.358887,3954.358887,3867.692139,4005.640869,3867.692139,3991.281982,4004.615234,4077.94873,3964.615234,4014.871582,3972.307617,4000,4,4,4,4,4,4,4,4,4,4,4,4,4,4,0,0
3975.897217,3977.94873,3987.692139,3926.666504,3844.615234,3969.230713,3827.692139,3952.307617,3961.53833,4051.281982,3926.153809,3972.820313,3909.230713,3950.256348,4,4,4,4,4,4,4,4,4,4,4,4,4,4,0,0
3999.487061,3967.692139,4010.256348,3940,3829.230713,3971.794678,3843.5896,3952.820313,3953.845947,4046.666504,3928.205078,3984.102539,3890.769043,3951.281982,4,4,4,4,4,4,4,4,4,4,4,4,4,4,0,0
4023.5896,3983.5896,4029.230713,3964.102539,3845.640869,3994.358887,3873.845947,3979.487061,3983.076904,4066.666504,3954.871582,4014.871582,3922.563965,3977.94873,4,4,4,4,4,4,4,4,4,4,4,4,4,4,0,0
4022.563965,4012.820313,4023.076904,3975.384521,3877.94873,4007.692139,3885.128174,3999.487061,4006.666504,4083.076904,3965.128174,4014.871582,3947.692139,3985.640869,4,4,4,4,4,4,4,4,4,4,4,4,4,4,0,0
4065.128174,4068.205078,4051.281982,4034.871582,3916.410156,4041.025635,3929.230713,4048.205078,4048.717773,4112.820313,4019.487061,4059.487061,4045.640869,4042.05127,4,4,4,4,4,4,4,4,4,4,4,4,4,4,0,0
4117.436035,4096.922852,4093.845947,4105.12793,3942.563965,4083.076904,3982.05127,4104.102539,4104.102539,4148.717773,4093.845947,4121.025391,4171.794922,4114.871582,4,4,4,4,4,4,4,4,4,4,4,4,4,4,0,0
4127.692383,4112.820313,4108.205078,4114.358887,3966.666504,4113.333008,4009.743408,4136.922852,4145.12793,4171.281738,4137.94873,4149.743652,4236.922852,4148.717773,4,4,4,4,4,4,4,4,4,4,4,4,4,4,0,0
4119.487305,4142.563965,4102.05127,4107.179199,3972.307617,4114.358887,4008.717773,4137.436035,4148.717773,4165.641113,4131.794922,4147.179199,4236.922852,4145.641113,4,4,4,4,4,4,4,4,4,4,4,4,4,4,0,0
4133.846191,4151.794922,4106.153809,4149.230469,3969.230713,4112.307617,4006.666504,4135.384277,4144.102539,4161.025391,4121.025391,4142.563965,4243.589844,4141.025391,4,4,4,4,4,4,4,4,4,4,4,4,4,4,0,0
4149.743652,4139.487305,4119.487305,4182.563965,3981.53833,4129.743652,4026.153809,4153.846191,4166.666504,4176.922852,4149.743652,4161.538574,4295.897461,4157.436035,4,4,4,4,4,4,4,4,4,4,4,4,4,4,0,0
4136.410156,4140,4117.436035,4158.461426,3986.666504,4132.820313,4032.820313,4152.307617,4171.794922,4176.410156,4155.897461,4162.563965,4298.974121,4164.102539,4,4,4,4,4,4,4,4,4,4,4,4,4,4,0,0
4142.563965,4165.641113,4125.641113,4160.512695,3988.717773,4140,4043.5896,4161.538574,4176.922852,4180.512695,4168.717773,4178.461426,4305.12793,4189.230469,4,4,4,4,4,4,4,4,4,4,4,4,4,4,0,0
4161.025391,4168.205078,4139.487305,4186.666504,3991.281982,4156.410156,4061.53833,4191.794922,4197.94873,4191.281738,4200,4199.487305,4348.717773,4210.769043,4,4,4,4,4,4,4,4,4,4,4,4,4,4,0,0
4133.333008,4135.384277,4113.846191,4154.871582,3992.307617,4145.12793,4046.666504,4178.974121,4177.436035,4169.743652,4161.025391,4155.897461,4309.743652,4157.94873,4,4,4,4,4,4,4,4,4,4,4,4,4,4,0,0
4107.692383,4118.461426,4094.358887,4124.615234,3995.897217,4123.589844,4026.666504,4148.717773,4149.743652,4155.384277,4119.487305,4130.256348,4249.230469,4123.589844,4,4,4,4,4,4,4,4,4,4,4,4,4,4,0,0
4123.07666,4133.333008,4115.897461,4148.205078,3982.563965,4116.410156,4023.076904,4148.205078,4154.358887,4166.153809,4135.384277,4153.333008,4257.436035,4149.743652,4,4,4,4,4,4,4,4,4,4,4,4,4,4,0,0
4146.153809,4155.384277,4135.384277,4173.846191,3989.743408,4127.692383,4036.923096,4168.717773,4169.743652,4175.897461,4168.205078,4174.358887,4307.692383,4174.871582,4,4,4,4,4,4,4,4,4,4,4,4,4,4,0,0
4135.384277,4145.641113,4117.94873,4152.820313,4003.5896,4126.153809,4034.871582,4165.641113,4161.025391,4168.205078,4168.205078,4167.692383,4307.692383,4169.743652,4,4,4,4,4,4,4,4,4,4,4,4,4,4,0,0
4123.07666,4150.256348,4109.743652,4151.281738,3994.871582,4124.615234,4033.845947,4165.12793,4163.589844,4175.384277,4160.512695,4163.07666,4292.307617,4168.717773,4,4,4,4,4,4,4,4,4,4,4,4,4,4,0,0
4157.436035,4180,4142.563965,4184.102539,4000,4146.666504,4060,4194.871582,4196.922852,4198.974121,4184.615234,4187.692383,4336.410156,4200.512695,4,4,4,4,4,4,4,4,4,4,4,4,4,4,0,0
4171.281738,4158.461426,4154.871582,4157.94873,4001.53833,4148.717773,4061.025635,4189.230469,4186.666504,4187.179199,4185.641113,4185.12793,4338.974121,4205.12793,4,4,4,4,4,4,4,4,4,4,4,4,4,4,0,0
4151.794922,4148.205078,4138.974121,4158.974121,4004.615234,4146.666504,4055.384521,4181.538574,4174.871582,4181.025391,4181.538574,4178.974121,4316.410156,4198.461426,4,4,4,4,4,4,4,4,4,4,4,4,4,4,0,0
4141.538574,4170.769043,4122.05127,4195.897461,4003.076904,4146.153809,4052.820313,4191.281738,4186.153809,4188.205078,4182.563965,4183.589844,4318.974121,4193.333008,4,4,4,4,4,4,4,4,4,4,4,4,4,4,0,0
4135.384277,4150.769043,4115.384277,4162.563965,3977.94873,4127.692383,4031.794678,4177.436035,4165.641113,4172.820313,4158.461426,4160,4294.871582,4168.717773,4,4,4,4,4,4,4,4,4,4,4,4,4,4,0,0
4142.563965,4148.205078,4135.897461,4155.384277,3974.871582,4140,4043.076904,4190.256348,4172.307617,4182.05127,4177.436035,4171.281738,4317.436035,4186.153809,4,4,4,4,4,4,4,4,4,4,4,4,4,4,0,0
4135.384277,4167.179199,4133.333008,4183.589844,3970.769043,4150.769043,4049.230713,4201.538574,4188.205078,4194.871582,4189.230469,4180,4336.410156,4192.307617,4,4,4,4,4,4,4,4,4,4,4,4,4,4,0,0
4144.615234,4170.256348,4131.281738,4183.07666,3964.615234,4144.615234,4044.615234,4197.94873,4185.12793,4191.281738,4174.871582,4171.794922,4314.871582,4184.102539,4,4,4,4,4,4,4,4,4,4,4,4,4,4,0,0
4164.102539,4169.743652,4146.666504,4180.512695,3974.871582,4148.717773,4051.794678,4209.230469,4192.820313,4190.256348,4192.307617,4188.205078,4333.846191,4208.205078,4,4,4,4,4,4,4,4,4,4,4,4,4,4,0,0
4135.897461,4148.717773,4124.615234,4152.820313,3974.358887,4136.410156,4032.820313,4190.256348,4174.871582,4172.820313,4177.94873,4170.769043,4310.769043,4191.794922,4,4,4,4,4,4,4,4,4,4,4,4,4,4,0,0
4131.281738,4137.436035,4115.384277,4139.487305,3960.512695,4130.769043,4030.256348,4180,4165.12793,4170.769043,4159.487305,4158.461426,4267.179199,4175.384277,4,4,4,4,4,4,4,4,4,4,4,4,4,4,0,0
4143.589844,4136.410156,4128.205078,4162.05127,3936.923096,4129.230469,4035.897217,4182.05127,4166.153809,4176.922852,4154.871582,4160,4257.94873,4170.769043,4,4,4,4,4,4,4,4,4,4,4,4,4,4,0,0
4132.307617,4144.615234,4122.05127,4169.743652,3931.281982,4127.692383,4028.717773,4173.846191,4155.897461,4170.256348,4150.256348,4150.769043,4259.487305,4160.512695,4,4,4,4,4,4,4,4,4,4,4,4,4,4,0,0
4141.538574,4161.538574,4125.12793,4163.07666,3942.05127,4138.461426,4035.384521,4183.589844,4160,4172.820313,4176.922852,4170.256348,4295.384277,4187.692383,4,4,4,4,4,4,4,4,4,4,4,4,4,4,0,0
4143.07666,4145.12793,4129.743652,4150.256348,3936.923096,4134.871582,4034.358887,4184.102539,4156.922852,4174.358887,4169.743652,4166.666504,4290.769043,4186.666504,4,4,4,4,4,4,4,4,4,4,4,4,4,4,0,0
4134.871582,4148.205078,4129.743652,4165.12793,3954.871582,4143.07666,4046.666504,4195.897461,4170.769043,4188.205078,4156.922852,4161.538574,4282.05127,4176.922852,4,4,4,4,4,4,4,4,4,4,4,4,4,4,0,0
4129.743652,4149.743652,4119.487305,4162.05127,3963.5896,4140,4041.53833,4188.205078,4167.692383,4182.563965,4159.487305,4162.563965,4277.436035,4175.897461,4,4,4,4,4,4,4,4,4,4,4,4,4,4,0,0
4154.871582,4156.410156,4131.281738,4164.102539,3952.307617,4137.436035,4038.974365,4179.487305,4156.410156,4182.05127,4175.897461,4172.820313,4287.179199,4192.307617,4,4,4,4,4,4,4,4,4,4,4,4,4,4,0,0
4183.589844,4188.205078,4157.94873,4208.717773,3977.435791,4158.974121,4066.153809,4215.384277,4184.102539,4206.666504,4216.410156,4204.615234,4357.435547,4229.743652,4,4,4,4,4,4,4,4,4,4,4,4,4,4,0,0
4163.07666,4187.179199,4144.102539,4205.12793,3984.615234,4159.487305,4072.820313,4227.179199,4186.666504,4193.846191,4212.307617,4189.743652,4362.563965,4212.307617,4,4,4,4,4,4,4,4,4,4,4,4,4,4,0,0
4190.769043,4216.922852,4165.12793,4218.974121,3899.487061,4189.743652,4116.410156,4265.641113,4222.563965,4212.307617,4240,4215.897461,4392.307617,4241.538574,4,4,4,4,4,4,4,4,4,4,4,4,4,4,0,0
4202.563965,4214.871582,4179.487305,4226.666504,3835.897461,4194.871582,4126.153809,4275.897461,4236.410156,4223.589844,4253.333008,4235.897461,4406.153809,4264.615234,4,4,4,4,4,4,4,4,4,4,4,4,4,4,0,0
4148.717773,4161.538574,4140,4194.871582,4072.307617,4156.410156,4083.5896,4220,4187.179199,4185.641113,4212.307617,4192.820313,4352.820313,4210.769043,4,4,4,4,4,4,4,4,4,4,4,4,4,4,0,0
4157.436035,4193.333008,4141.025391,4222.563965,3917.94873,4172.820313,4106.666504,4229.230469,4200,4192.820313,4229.743652,4200,4381.538574,4211.794922,4,4,4,4,4,4,4,4,4,4,4,4,4,4,0,0
4157.436035,4185.12793,4136.922852,4200,3857.94873,4153.846191,4088.717773,4208.205078,4174.358887,4181.538574,4190.769043,4174.871582,4318.461426,4181.538574,4,4,4,4,4,4,4,4,4,4,4,4,4,4,0,0
4221.025391,4227.179199,4192.307617,4253.333008,5524.615234,4206.666504,4154.358887,4267.179199,4266.666504,4236.922852,4343.589844,4310.256348,4521.025391,4318.461426,4,4,4,4,4,4,4,4,4,4,4,4,4,4,0,0
4448.205078,4493.846191,4375.897461,4552.307617,7467.179199,4460,4444.102539,4574.358887,4645.641113,4452.307617,4870.256348,4722.563965,5297.435547,4774.871582,4,4,4,4,4,4,4,4,4,4,4,4,4,4,0,0
4612.307617,4701.025391,4495.384277,4815.384277,7400.512695,4643.07666,4651.794922,4823.589844,4926.666504,4600.512695,5217.94873,4962.05127,5892.307617,5075.384277,4,4,4,4,4,4,4,4,4,4,4,4,4,4,0,0
4561.538574,4642.05127,4446.666504,4787.692383,6551.281738,4587.692383,4586.153809,4776.922852,4865.12793,4547.692383,5124.615234,4862.05127,5844.615234,4990.256348,4,4,4,4,4,4,4,4,4,4,4,4,4,4,0,0
4492.307617,4561.538574,4398.461426,4680,6404.615234,4517.94873,4506.666504,4686.153809,4761.025391,4482.563965,5000.512695,4762.05127,5677.435547,4875.384277,4,4,4,4,4,4,4,4,4,4,4,4,4,4,0,0
4518.974121,4594.871582,4421.538574,4707.179199,6249.230469,4551.281738,4543.07666,4721.538574,4788.205078,4509.743652,5025.12793,4783.07666,5704.615234,4902.563965,4,4,4,4,4,4,4,4,4,4,4,4,4,4,0,0
4487.179199,4560,4389.743652,4688.205078,5877.435547,4521.538574,4506.666504,4691.794922,4745.12793,4489.743652,4965.641113,4737.435547,5616.410156,4855.897461,4,4,4,4,4,4,4,4,4,4,4,4,4,4,0,0
4450.769043,4517.94873,4364.102539,4629.743652,5732.307617,4486.153809,4469.743652,4645.641113,4690.769043,4460,4900.512695,4691.281738,5514.871582,4795.897461,4,4,4,4,4,4,4,4,4,4,4,4,4,4,0,0
4464.615234,4510.256348,4377.94873,4612.820313,5622.05127,4497.94873,4477.435547,4654.871582,4693.846191,4460.512695,4888.717773,4689.743652,5507.179199,4793.333008,4,4,4,4,4,4,4,4,4,4,4,4,4,4,0,0
4486.153809,4514.358887,4390.256348,4634.871582,5577.435547,4513.846191,4488.205078,4666.666504,4695.897461,4473.846191,4874.871582,4688.205078,5478.974121,4793.846191,4,4,4,4,4,4,4,4,4,4,4,4,4,4,0,0
4541.025391,4617.435547,4434.358887,4737.94873,5564.615234,4578.461426,4571.794922,4749.743652,4776.410156,4541.025391,4970.769043,4752.820313,5589.743652,4867.692383,4,4,4,4,4,4,4,4,4,4,4,4,4,4,0,0
4511.281738,4613.846191,4418.461426,4730.769043,5477.94873,4568.205078,4567.179199,4755.897461,4782.563965,4528.205078,4979.486816,4742.05127,5616.410156,4857.435547,4,4,4,4,4,4,4,4,4,4,4,4,4,4,0,0
4515.384277,4585.12793,4415.384277,4713.846191,5434.358887,4557.435547,4551.794922,4741.025391,4764.102539,4512.307617,4954.358887,4734.871582,5579.486816,4860.512695,4,4,4,4,4,4,4,4,4,4,4,4,4,4,0,0
4548.717773,4606.153809,4434.871582,4717.94873,5380.512695,4562.563965,4558.974121,4746.666504,4767.692383,4523.589844,4975.384277,4754.358887,5588.205078,4890.769043,4,4,4,4,4,4,4,4,4,4,4,4,4,4,0,0
4349.743652,4386.153809,4290.256348,4464.615234,5135.384277,4367.692383,4340.512695,4509.230469,4522.563965,4347.692383,4692.820313,4515.384277,5183.589844,4602.05127,4,4,4,4,4,4,4,4,4,4,4,4,4,4,0,0
4137.94873,4133.333008,4131.794922,4193.846191,4941.025391,4166.153809,4114.358887,4242.05127,4234.358887,4164.615234,4325.641113,4245.12793,4604.615234,4266.153809,4,4,4,4,4,4,4,4,4,4,4,4,4,4,0,0
4104.102539,4089.743408,4107.692383,4105.641113,4866.153809,4116.410156,4063.076904,4169.743652,4144.615234,4136.922852,4208.205078,4190.256348,4349.743652,4185.12793,4,4,4,4,4,4,4,4,4,4,4,4,4,4,0,0
4093.845947,4071.794678,4098.974121,4048.205078,4763.589844,4084.102539,4026.153809,4129.743652,4093.333252,4120,4150.769043,4152.820313,4228.205078,4139.487305,4,4,4,4,4,4,4,4,4,4,4,4,4,4,0,0
4107.179199,4072.820313,4098.461426,4050.256348,4750.769043,4091.794678,4031.281982,4128.717773,4085.128174,4124.615234,4136.922852,4143.07666,4184.615234,4126.153809,4,4,4,4,4,4,4,4,4,4,4,4,4,4,0,0
4137.94873,4118.974121,4121.025391,4100,4797.435547,4130.769043,4075.384521,4168.717773,4124.102539,4158.974121,4185.641113,4187.179199,4234.871582,4166.666504,4,4,4,4,4,4,4,4,4,4,4,4,4,4,0,0
4157.436035,4109.230469,4146.153809,4118.461426,4769.743652,4133.846191,4088.717773,4184.615234,4136.922852,4174.358887,4198.974121,4198.974121,4249.743652,4177.436035,4,4,4,4,4,4,4,4,4,4,4,4,4,4,0,0
4200,4113.846191,4176.410156,4140.512695,4734.871582,4149.743652,4112.307617,4221.025391,4174.871582,4206.666504,4235.897461,4225.641113,4295.897461,4220.512695,4,4,4,4,4,4,4,4,4,4,4,4,4,4,0,0
4170.256348,4150.256348,4146.666504,4116.410156,4726.153809,4149.230469,4102.05127,4217.94873,4174.358887,4202.05127,4232.307617,4211.281738,4289.230469,4209.743652,4,4,4,4,4,4,4,4,4,4,4,4,4,4,0,0
4134.358887,4145.641113,4122.05127,4097.436035,4723.07666,4142.05127,4092.307617,4196.410156,4146.666504,4180,4198.461426,4186.153809,4243.589844,4169.230469,4,4,4,4,4,4,4,4,4,4,4,4,4,4,0,0
4172.307617,4118.461426,4153.333008,4141.025391,4723.589844,4156.410156,4115.384277,4216.922852,4168.205078,4194.871582,4222.563965,4210.769043,4276.410156,4197.436035,4,4,4,4,4,4,4,4,4,4,4,4,4,4,0,0
4200.512695,4130.769043,4173.333008,4174.358887,4702.563965,4171.794922,4131.794922,4237.94873,4194.871582,4211.281738,4250.256348,4230.256348,4316.410156,4225.641113,4,4,4,4,4,4,4,4,4,4,4,4,4,4,0,0
4217.436035,4203.589844,4188.717773,4184.615234,4697.435547,4204.102539,4168.717773,4273.333008,4231.281738,4233.846191,4291.794922,4266.666504,4372.307617,4267.179199,4,4,4,4,4,4,4,4,4,4,4,4,4,4,0,0
4209.743652,4198.461426,4181.538574,4154.871582,4691.281738,4199.487305,4168.205078,4270.769043,4227.692383,4230.769043,4286.666504,4260,4354.871582,4266.153809,4,4,4,4,4,4,4,4,4,4,4,4,4,4,0,0
4201.025391,4146.666504,4173.846191,4173.333008,4677.435547,4187.179199,4151.794922,4250.256348,4203.589844,4221.538574,4264.102539,4240,4317.436035,4239.487305,4,4,4,4,4,4,4,4,4,4,4,4,4,4,0,0
4228.717773,4187.179199,4195.384277,4254.871582,4648.205078,4215.384277,4183.589844,4281.538574,4229.230469,4240,4307.179199,4276.922852,4390.769043,4271.281738,4,4,4,4,4,4,4,4,4,4,4,4,4,4,0,0
4263.07666,4217.94873,4216.922852,4260,4616.922852,4231.281738,4211.794922,4316.922852,4262.563965,4258.461426,4344.102539,4304.102539,4462.05127,4311.794922,4,4,4,4,4,4,4,4,4,4,4,4,4,4,0,0
4245.12793,4144.615234,4203.589844,4185.12793,4632.820313,4199.487305,4173.846191,4289.230469,4237.94873,4239.487305,4299.487305,4269.230469,4407.179199,4273.846191,4,4,4,4,4,4,4,4,4,4,4,4,4,4,0,0
4216.922852,4109.743652,4189.743652,4121.538574,4601.025391,4178.974121,4149.743652,4252.820313,4199.487305,4217.94873,4249.230469,4236.410156,4317.436035,4222.05127,4,4,4,4,4,4,4,4,4,4,4,4,4,4,0,0
4263.07666,4181.025391,4226.153809,4159.487305,4541.538574,4228.205078,4215.897461,4307.179199,4249.743652,4257.94873,4317.94873,4286.666504,4394.358887,4287.692383,4,4,4,4,4,4,4,4,4,4,4,4,4,4,0,0
4273.846191,4167.692383,4224.102539,4260.512695,4541.538574,4231.281738,4218.461426,4318.461426,4267.692383,4263.589844,4341.025391,4295.384277,4445.12793,4310.769043,4,4,4,4,4,4,4,4,4,4,4,4,4,4,0,0
4230.256348,4114.358887,4184.615234,4261.538574,4548.717773,4181.538574,4160,4256.410156,4204.615234,4220,4255.897461,4235.897461,4336.922852,4235.384277,4,4,4,4,4,4,4,4,4,4,4,4,4,4,0,0
4274.358887,4172.820313,4231.794922,4145.12793,4543.07666,4218.974121,4216.410156,4305.641113,4245.12793,4254.358887,4301.538574,4284.102539,4383.07666,4287.692383,4,4,4,4,4,4,4,4,4,4,4,4,4,4,0,0
4342.563965,4223.589844,4298.974121,4135.384277,4521.538574,4275.384277,4290.256348,4390.256348,4331.281738,4309.743652,4405.641113,4365.12793,4540,4387.692383,4,4,4,4,4,4,4,4,4,4,4,4,4,4,0,0
4341.538574,4200.512695,4282.563965,4309.743652,4527.692383,4269.743652,4272.307617,4379.487305,4329.743652,4301.025391,4402.05127,4354.871582,4552.307617,4380.512695,4,4,4,4,4,4,4,4,4,4,4,4,4,4,0,0
4278.461426,4160,4206.666504,4313.846191,4546.666504,4232.820313,4208.717773,4314.871582,4267.179199,4253.333008,4335.384277,4285.12793,4451.794922,4299.487305,4,4,4,4,4,4,4,4,4,4,4,4,4,4,0,0
4227.692383,4133.333008,4178.461426,4113.846191,4537.435547,4206.153809,4173.333008,4275.384277,4215.384277,4218.461426,4266.153809,4233.333008,4337.94873,4237.94873,4,4,4,4,4,4,4,4,4,4,4,4,4,4,0,0
4266.666504,4175.897461,4227.179199,4182.05127,4521.025391,4231.281738,4220,4317.436035,4246.153809,4243.07666,4283.07666,4280.512695,4316.922852,4291.794922,4,4,4,4,4,4,4,4,4,4,4,4,4,4,0,0
4335.897461,4242.05127,4266.153809,4334.871582,4482.563965,4272.820313,4277.94873,4384.102539,4313.333008,4285.12793,4366.666504,4343.07666,4423.07666,4375.897461,4,4,4,4,4,4,4,4,4,4,4,4,4,4,0,0
4353.333008,4245.12793,4269.743652,4214.358887,4479.487305,4275.384277,4270.256348,4393.333008,4325.12793,4290.256348,4390.256348,4329.230469,4522.05127,4367.179199,4,4,4,4,4,4,4,4,4,4,4,4,4,4,0,0
4288.717773,4199.487305,4228.717773,4147.179199,4493.333008,4223.07666,4199.487305,4321.025391,4255.384277,4241.025391,4305.12793,4276.922852,4394.871582,4297.436035,4,4,4,4,4,4,4,4,4,4,4,4,4,4,0,0
4245.641113,4193.333008,4205.12793,4268.205078,4446.666504,4200.512695,4186.153809,4288.205078,4221.025391,4218.461426,4246.153809,4271.281738,4246.666504,4286.153809,4,4,4,4,4,4,4,4,4,4,4,4,4,4,0,0
4291.281738,4268.717773,4249.230469,4275.897461,4432.820313,4250.769043,4252.307617,4355.897461,4286.666504,4267.179199,4317.436035,4317.94873,4362.563965,4346.666504,4,4,4,4,4,4,4,4,4,4,4,4,4,4,0,0
4235.897461,4266.666504,4205.12793,4138.461426,4447.179199,4217.436035,4189.230469,4301.538574,4233.333008,4226.666504,4268.717773,4248.717773,4286.666504,4271.281738,4,4,4,4,4,4,4,4,4,4,4,4,4,4,0,0
4145.12793,4181.025391,4124.102539,4145.12793,4442.563965,4147.692383,4098.974121,4196.922852,4127.179199,4157.94873,4145.12793,4158.974121,4073.845947,4167.692383,4,4,4,4,4,4,4,4,4,4,4,4,4,4,0,0
4196.410156,4204.102539,4160.512695,4229.743652,4423.589844,4173.333008,4150.256348,4242.563965,4174.358887,4204.615234,4194.358887,4212.307617,4207.692383,4231.794922,4,4,4,4,4,4,4,4,4,4,4,4,4,4,0,0
4275.384277,4271.794922,4223.07666,4195.384277,4387.179199,4203.07666,4203.07666,4293.846191,4224.102539,4235.897461,4251.794922,4270.256348,4273.846191,4313.333008,4,4,4,4,4,4,4,4,4,4,4,4,4,4,0,0
4297.436035,4254.871582,4237.436035,4186.666504,4391.281738,4207.179199,4208.205078,4294.871582,4217.94873,4211.794922,4250.769043,4276.410156,4150.769043,4329.230469,4,4,4,4,4,4,4,4,4,4,4,4,4,4,0,0
4255.897461,4203.589844,4200.512695,4203.589844,4397.94873,4193.333008,4189.743652,4282.05127,4205.641113,4196.922852,4226.666504,4230.256348,4187.179199,4247.179199,4,4,4,4,4,4,4,4,4,4,4,4,4,4,0,0
4227.179199,4260,4176.410156,4198.461426,4384.102539,4188.205078,4187.692383,4276.410156,4198.461426,4210.256348,4199.487305,4210.769043,4266.153809,4221.025391,4,4,4,4,4,4,4,4,4,4,4,4,4,4,0,0
4263.07666,4290.769043,4209.743652,4214.871582,4376.410156,4209.230469,4215.384277,4303.589844,4219.487305,4223.589844,4221.025391,4276.922852,4182.563965,4345.641113,4,4,4,4,4,4,4,4,4,4,4,4,4,4,0,0
4244.615234,4165.12793,4197.94873,4157.94873,4367.692383,4186.153809,4184.102539,4281.538574,4192.307617,4197.436035,4198.461426,4225.12793,4073.845947,4281.025391,4,4,4,4,4,4,4,4,4,4,4,4,4,4,0,0
4211.281738,4182.05127,4166.153809,4138.461426,4369.743652,4175.897461,4166.153809,4255.384277,4164.615234,4187.692383,4174.871582,4161.538574,4129.743652,4162.563965,4,4,4,4,4,4,4,4,4,4,4,4,4,4,0,0
4226.153809,4293.333008,4174.871582,4209.743652,4336.922852,4186.666504,4183.589844,4262.05127,4171.794922,4182.563965,4177.436035,4223.07666,4137.436035,4251.794922,4,4,4,4,4,4,4,4,4,4,4,4,4,4,0,0
4240,4228.717773,4185.641113,4208.205078,4323.589844,4171.794922,4177.94873,4258.974121,4170.256348,4174.871582,4168.717773,4223.07666,4110.769043,4283.589844,4,4,4,4,4,4,4,4,4,4,4,4,4,4,0,0
4238.461426,4166.666504,4186.666504,4135.384277,4323.07666,4161.538574,4174.871582,4258.461426,4168.205078,4187.692383,4175.897461,4180.512695,4144.615234,4223.589844,4,4,4,4,4,4,4,4,4,4,4,4,4,4,0,0
4212.820313,4211.794922,4172.820313,4078.461426,4273.333008,4160.512695,4177.94873,4251.281738,4153.333008,4179.487305,4154.358887,4180.512695,4065.128174,4204.615234,4,4,4,4,4,4,4,4,4,4,4,4,4,4,0,0
4198.974121,4234.871582,4162.05127,4142.05127,4277.436035,4168.205078,4183.07666,4255.897461,4153.333008,4171.281738,4145.12793,4188.205078,4034.358887,4206.666504,4,4,4,4,4,4,4,4,4,4,4,4,4,4,0,0
4202.05127,4155.384277,4149.743652,4170.769043,4276.410156,4135.384277,4147.179199,4230.769043,4129.743652,4150.256348,4135.897461,4155.384277,4102.563965,4173.333008,4,4,4,4,4,4,4,4,4,4,4,4,4,4,0,0
4203.07666,4131.281738,4141.025391,4101.025391,4244.102539,4114.358887,4130.769043,4204.102539,4103.07666,4135.384277,4108.205078,4132.820313,4059.487061,4166.153809,4,4,4,4,4,4,4,4,4,4,4,4,4,4,0,0
4223.589844,4201.538574,4155.897461,4117.94873,4236.410156,4144.615234,4168.205078,4231.281738,4131.794922,4160,4135.897461,4168.205078,3990.256348,4211.281738,4,4,4,4,4,4,4,4,4,4,4,4,4,4,0,0
4244.102539,4167.692383,4164.615234,4119.487305,4205.641113,4141.025391,4167.179199,4231.281738,4129.743652,4161.025391,4133.333008,4168.205078,4009.743408,4207.179199,4,4,4,4,4,4,4,4,4,4,4,4,4,4,0,0
4254.358887,4142.563965,4171.281738,4077.94873,4218.974121,4154.358887,4189.230469,4256.410156,4150.769043,4175.897461,4126.666504,4176.410156,4085.128174,4212.307617,4,4,4,4,4,4,4,4,4,4,4,4,4,4,0,0
4231.794922,4201.025391,4165.12793,4087.179443,4237.436035,4162.563965,4200,4268.717773,4167.179199,4174.871582,4141.025391,4185.12793,4069.743408,4205.12793,4,4,4,4,4,4,4,4,4,4,4,4,4,4,0,0
4254.871582,4283.589844,4187.179199,4215.897461,4227.179199,4187.692383,4227.179199,4289.743652,4187.692383,4183.07666,4213.846191,4210.769043,4158.461426,4228.205078,4,4,4,4,4,4,4,4,4,4,4,4,4,4,0,0
4303.07666,4296.410156,4219.487305,4262.05127,4238.974121,4227.692383,4275.897461,4347.179199,4246.666504,4226.153809,4294.358887,4261.025391,4344.102539,4306.666504,4,4,4,4,4,4,4,4,4,4,4,4,4,4,0,0
4269.743652,4215.384277,4196.922852,4150.769043,4274.358887,4194.358887,4240.512695,4311.281738,4221.538574,4210.256348,4241.025391,4241.025391,4255.897461,4328.205078,4,4,4,4,4,4,4,4,4,4,4,4,4,4,0,0
4291.281738,4267.692383,4216.922852,4237.436035,4306.153809,4225.641113,4271.281738,4329.743652,4248.205078,4236.410156,4265.641113,4264.615234,4250.256348,4360.512695,4,4,4,4,4,4,4,4,4,4,4,4,4,4,0,0
4306.666504,4333.846191,4231.281738,4306.153809,4253.846191,4261.538574,4310.256348,4369.743652,4287.179199,4261.025391,4322.563965,4278.461426,4396.410156,4330.769043,4,4,4,4,4,4,4,4,4,4,4,4,4,4,0,0
4297.436035,4301.025391,4224.102539,4238.974121,4291.281738,4242.05127,4302.563965,4360.512695,4272.820313,4237.436035,4300.512695,4278.461426,4386.153809,4336.410156,4,4,4,4,4,4,4,4,4,4,4,4,4,4,0,0
4309.230469,4248.205078,4223.07666,4243.07666,4095.384521,4220,4282.563965,4346.666504,4260,4218.461426,4269.230469,4284.102539,4297.436035,4374.871582,4,4,4,4,4,4,4,4,4,4,4,4,4,4,0,0
4186.666504,4117.436035,4132.307617,4111.794922,3320,4105.12793,4143.07666,4200,4100,4119.487305,4072.307617,4095.897217,4034.871582,4148.205078,4,4,4,4,4,4,4,4,4,4,4,4,4,4,0,0
4067.179443,4042.563965,4058.974365,3942.05127,2804.102539,4011.281982,4042.563965,4071.281982,3945.640869,4044.615234,3874.358887,3934.871582,3747.692139,3947.179443,4,4,4,4,4,4,4,4,4,4,4,4,4,4,0,0
4026.666504,4017.435791,4029.230713,3897.435791,2857.94873,3969.230713,4009.743408,4020,3884.102539,4024.102539,3796.923096,3904.615234,3587.179443,3890.769043,4,4,4,4,4,4,4,4,4,4,4,4,4,4,0,0
4049.743408,3986.153809,4034.871582,3897.435791,2881.025635,3952.820313,4006.153809,3996.923096,3856.410156,4015.897217,3786.153809,3883.076904,3522.563965,3856.923096,4,4,4,4,4,4,4,4,4,4,4,4,4,4,0,0
4116.410156,4025.128174,4082.563965,3920.512695,2820,3989.230713,4056.923096,4042.05127,3898.974365,4037.435791,3842.05127,3929.743408,3557.435791,3940.512695,4,4,4,4,4,4,4,4,4,4,4,4,4,4,0,0
4083.076904,4044.615234,4061.025635,3913.845947,2854.358887,3990.256348,4057.435791,4046.153809,3905.640869,4036.410156,3828.717773,3940,3552.820313,3953.845947,4,4,4,4,4,4,4,4,4,4,4,4,4,4,0,0
4059.487061,4040,4044.102539,3912.820313,2907.179443,3992.820313,4063.5896,4046.666504,3903.076904,4053.333252,3811.794678,3914.358887,3552.820313,3900,4,4,4,4,4,4,4,4,4,4,4,4,4,4,0,0
4092.820313,4004.615234,4063.076904,3922.563965,2907.692139,3992.820313,4071.794678,4058.461426,3912.307617,4063.076904,3828.205078,3918.461426,3584.102539,3910.769043,4,4,4,4,4,4,4,4,4,4,4,4,4,4,0,0
4112.820313,4019.487061,4072.820313,3941.53833,2929.230713,4004.615234,4082.05127,4074.871582,3930.256348,4064.102539,3858.974365,3944.102539,3609.743408,3952.307617,4,4,4,4,4,4,4,4,4,4,4,4,4,4,0,0
4123.07666,4091.794678,4086.666504,3964.615234,2945.128174,4044.102539,4116.410156,4112.307617,3969.743408,4083.5896,3916.410156,3985.128174,3660,4007.692139,4,4,4,4,4,4,4,4,4,4,4,4,4,4,0,0
4060.512695,4021.025635,4045.128174,3906.153809,2883.5896,3981.53833,4054.358887,4045.640869,3897.435791,4022.563965,3821.025635,3922.05127,3550.256348,3933.845947,4,4,4,4,4,4,4,4,4,4,4,4,4,4,0,0
4037.94873,3988.205078,4023.5896,3900,2884.615234,3948.205078,4033.845947,4017.94873,3864.102539,4006.666504,3766.666504,3871.794678,3515.897461,3848.205078,4,4,4,4,4,4,4,4,4,4,4,4,4,4,0,0
4055.384521,4055.384521,4038.461426,3915.384521,2918.974365,3976.410156,4066.666504,4053.333252,3907.179443,4049.230713,3843.5896,3890.256348,3639.487061,3842.05127,4,4,4,4,4,4,4,4,4,4,4,4,4,4,0,0
4058.974365,4041.53833,4046.153809,3881.025635,2902.05127,3969.230713,4057.435791,4038.461426,3889.743408,4030.256348,3827.179443,3912.307617,3565.640869,3890.256348,4,4,4,4,4,4,4,4,4,4,4,4,4,4,0,0
4080,3996.410156,4056.923096,3907.692139,2925.128174,3974.358887,4065.640869,4045.128174,3892.307617,4018.461426,3791.794678,3944.615234,3469.230713,3974.871582,4,4,4,4,4,4,4,4,4,4,4,4,4,4,0,0
4053.333252,3965.128174,4035.897217,3882.05127,2920,3953.333252,4042.563965,4017.94873,3870.769043,4005.640869,3775.384521,3902.05127,3494.358887,3926.666504,4,4,4,4,4,4,4,4,4,4,4,4,4,4,0,0
4052.307617,3996.923096,4045.128174,3899.487061,2918.974365,3963.5896,4058.974365,4023.5896,3863.076904,4026.666504,3820,3890.769043,3609.230713,3886.153809,4,4,4,4,4,4,4,4,4,4,4,4,4,4,0,0
4056.923096,4013.845947,4051.794678,3936.923096,2950.256348,3979.487061,4076.410156,4055.897217,3869.743408,4041.53833,3862.563965,3921.53833,3640.512695,3904.615234,4,4,4,4,4,4,4,4,4,4,4,4,4,4,0,0
4051.281982,3977.435791,4045.128174,3860.512695,2941.53833,3952.307617,4044.102539,4029.230713,3831.281982,4009.230713,3802.05127,3918.974365,3495.384521,3901.53833,4,4,4,4,4,4,4,4,4,4,4,4,4,4,0,0
4082.563965,4006.153809,4069.743408,3888.205078,2944.615234,3966.666504,4064.102539,4034.871582,3844.102539,4020,3803.5896,3942.563965,3514.871826,3946.666504,4,4,4,4,4,4,4,4,4,4,4,4,4,4,20,2